condition_id,experiment_id,platform_id,comparability,workload,throughput_unit,strategy,gpus,trials,avg_allreduce_time_seconds,avg_nccl_bandwidth_gbps,avg_throughput_tokens_sec,communication_to_compute_ratio
E113@h100,E113,h100,platform_specific,gpt2_small,training_tokens_per_second,ddp,2,3,0.0006632977630943059,101.17480283241206,240728.081181044,
E113@l40s,E113,l40s,platform_specific,gpt2_small,training_tokens_per_second,ddp,2,3,0.00434430552025636,17.490253742417952,66354.78698154035,
E114@h100,E114,h100,platform_specific,gpt2_small,training_tokens_per_second,fsdp,2,3,0.0006615022042145332,101.44953730024493,245207.66068161558,
E114@l40s,E114,l40s,platform_specific,gpt2_small,training_tokens_per_second,fsdp,2,3,0.003212655335664749,20.89724265156558,66379.1934254788,
E115@h100,E115,h100,platform_specific,gpt2_small,training_tokens_per_second,ddp,4,3,0.0003436551584551732,292.9201820904956,481818.50673839,
E115@l40s,E115,l40s,platform_specific,gpt2_small,training_tokens_per_second,ddp,4,3,0.005856408489247163,17.188675759880827,171697.2393242639,
E116@h100,E116,h100,platform_specific,gpt2_small,training_tokens_per_second,fsdp,4,3,0.00034529425514241057,291.5298287363866,494195.4252031906,
E116@l40s,E116,l40s,platform_specific,gpt2_small,training_tokens_per_second,fsdp,4,3,0.005872048049544294,17.142848032821593,178974.32118129838,
E117@h100,E117,h100,platform_specific,distilbert,training_tokens_per_second,ddp,2,3,0.0006634650751948357,101.1492479962295,1165166.2878998045,
E117@l40s,E117,l40s,platform_specific,distilbert,training_tokens_per_second,ddp,2,3,0.03045460300830503,9.169530305136014,310799.59931543336,
E118@h100,E118,h100,platform_specific,distilbert,training_tokens_per_second,fsdp,2,3,0.0006608134368434549,101.55528604927417,1059865.7505127569,
E118@l40s,E118,l40s,platform_specific,distilbert,training_tokens_per_second,fsdp,2,3,0.0031901019625365738,21.03949339223512,289365.701742708,
E119@h100,E119,h100,platform_specific,distilbert,training_tokens_per_second,ddp,4,3,0.00036519109271466733,277.58566949025595,2332199.787029198,
E119@l40s,E119,l40s,platform_specific,distilbert,training_tokens_per_second,ddp,4,3,0.005876988498494028,17.12840487975284,893854.136464028,
E120@h100,E120,h100,platform_specific,distilbert,training_tokens_per_second,fsdp,4,3,0.0003463722765445709,290.6218668638324,2341284.4809127203,
E120@l40s,E120,l40s,platform_specific,distilbert,training_tokens_per_second,fsdp,4,3,0.005865904735401273,17.160791074325584,697162.9008873494,
E225@l40s,E225,l40s,platform_specific,gpt2_small,training_tokens_per_second,ddp,8,3,0.006493203419571121,18.08668457458248,340998.8127555275,
E226@l40s,E226,l40s,platform_specific,gpt2_small,training_tokens_per_second,fsdp,8,3,0.006489401714255413,18.097323457649267,358903.3141951696,
E227@l40s,E227,l40s,platform_specific,distilbert,training_tokens_per_second,ddp,8,3,0.006477982085198164,18.129187649072666,1755380.6632488284,
E228@l40s,E228,l40s,platform_specific,distilbert,training_tokens_per_second,fsdp,8,3,0.0064779678204407295,18.12923764950865,1266685.8347577134,
