condition_id,experiment_id,platform_id,comparability,workload,throughput_unit,study_type,num_workers,pinned_memory,prefetch_factor,trials,avg_data_loading_seconds,avg_transfer_seconds,avg_measured_seconds,avg_throughput_tokens_sec
E097@h100,E097,h100,exact,gpt2_small,training_tokens_per_second,num_workers,2,True,4,3,0.006000695362066229,0.014385676632324854,13.064263702991108,125410.9985412924
E097@l40s,E097,l40s,exact,gpt2_small,training_tokens_per_second,num_workers,2,True,4,3,0.0066519249230623245,0.013434941259523233,35.81168232702961,45750.54685574933
E098@h100,E098,h100,exact,gpt2_small,training_tokens_per_second,num_workers,4,True,4,3,0.005910004333903392,0.0133577447074155,13.05822276432688,125468.86699816452
E098@l40s,E098,l40s,exact,gpt2_small,training_tokens_per_second,num_workers,4,True,4,3,0.006534657285859187,0.012094489919642607,35.76982446170101,45804.00607099105
E099@h100,E099,h100,exact,gpt2_small,training_tokens_per_second,num_workers,8,True,4,3,0.00573387835174799,0.012447599554434419,13.049382400621349,125553.88804088421
E099@l40s,E099,l40s,exact,gpt2_small,training_tokens_per_second,num_workers,8,True,4,3,0.005975982019056876,0.012648679160823425,35.85151106367508,45699.67899488932
E100@h100,E100,h100,exact,gpt2_small,training_tokens_per_second,num_workers,16,True,4,3,0.004578460784008105,0.010949109215289354,13.048981454611445,125557.75555048953
E100@l40s,E100,l40s,exact,gpt2_small,training_tokens_per_second,num_workers,16,True,4,3,0.005308834835886955,0.012654255144298077,35.8212181359219,45738.26122213123
E101@h100,E101,h100,exact,gpt2_small,training_tokens_per_second,pinned_memory,4,False,4,3,0.07403118636769553,0.024449779496838648,13.152481297574317,124569.7190033568
E101@l40s,E101,l40s,exact,gpt2_small,training_tokens_per_second,pinned_memory,4,False,4,3,0.07776214415207505,0.024278945289552212,35.93913127978643,45588.29514893063
E102@h100,E102,h100,exact,gpt2_small,training_tokens_per_second,pinned_memory,4,True,4,3,0.0060338011632363004,0.013621332279096047,13.074512113584206,125312.53853643309
E102@l40s,E102,l40s,exact,gpt2_small,training_tokens_per_second,pinned_memory,4,True,4,3,0.006709305879970391,0.013018563389778137,35.797100595043354,45769.10134137818
E103@h100,E103,h100,exact,gpt2_small,training_tokens_per_second,prefetch_factor,4,True,2,3,0.00608433410525322,0.013997250003740191,13.068609562702477,125369.22825987602
E103@l40s,E103,l40s,exact,gpt2_small,training_tokens_per_second,prefetch_factor,4,True,2,3,0.006607700449724992,0.012588433145234982,35.81523205945268,45746.19946034121
E104@h100,E104,h100,exact,gpt2_small,training_tokens_per_second,prefetch_factor,4,True,8,3,0.005703602684661746,0.012006668141111732,13.055668832656616,125493.44651232008
E104@l40s,E104,l40s,exact,gpt2_small,training_tokens_per_second,prefetch_factor,4,True,8,3,0.006201312722017367,0.012245397549122572,35.829272399035595,45728.02202480033
E105@h100,E105,h100,exact,distilbert,training_tokens_per_second,num_workers,2,True,4,3,0.004374874988570809,0.010793301276862621,2.3948196509542563,684143.8808746521
E105@l40s,E105,l40s,exact,distilbert,training_tokens_per_second,num_workers,2,True,4,3,0.005804838767896096,0.01078465518852075,5.806442477895568,282169.8339904261
E106@h100,E106,h100,exact,distilbert,training_tokens_per_second,num_workers,4,True,4,3,0.004435953839371602,0.010301236296072602,2.3912565330198654,685169.5196377217
E106@l40s,E106,l40s,exact,distilbert,training_tokens_per_second,num_workers,4,True,4,3,0.005738576253255208,0.011386793106794357,5.8056833441369236,282212.9003741154
E107@h100,E107,h100,exact,distilbert,training_tokens_per_second,num_workers,8,True,4,3,0.003896677711357673,0.009968104384218654,2.392826733722662,684716.11178284
E107@l40s,E107,l40s,exact,distilbert,training_tokens_per_second,num_workers,8,True,4,3,0.005130874924361706,0.010823288932442665,5.819239846430719,281549.0429388198
E108@h100,E108,h100,exact,distilbert,training_tokens_per_second,num_workers,16,True,4,3,0.0033047677328189216,0.008228899911046028,2.3950833379446217,684071.1325334733
E108@l40s,E108,l40s,exact,distilbert,training_tokens_per_second,num_workers,16,True,4,3,0.004221413439760606,0.01027012849226594,5.8221446781729655,281412.94854819926
E109@h100,E109,h100,exact,distilbert,training_tokens_per_second,pinned_memory,4,False,4,3,0.06455967000996073,0.020997502918665607,2.4594293993432075,666171.5544989173
E109@l40s,E109,l40s,exact,distilbert,training_tokens_per_second,pinned_memory,4,False,4,3,0.07489820305878918,0.023344753465304773,5.901816677767783,277612.5803972925
E110@h100,E110,h100,exact,distilbert,training_tokens_per_second,pinned_memory,4,True,4,3,0.004456837040682633,0.01082086943400403,2.394519013352692,684231.9824959795
E110@l40s,E110,l40s,exact,distilbert,training_tokens_per_second,pinned_memory,4,True,4,3,0.0060125904468198614,0.01105050059656302,5.799604228852938,282506.11633488844
E111@h100,E111,h100,exact,distilbert,training_tokens_per_second,prefetch_factor,4,True,2,3,0.0044317650608718395,0.011604724607119957,2.394338953308761,684283.4828015286
E111@l40s,E111,l40s,exact,distilbert,training_tokens_per_second,prefetch_factor,4,True,2,3,0.005844858009368181,0.013039634252587954,5.78194795968011,283368.3864329841
E112@h100,E112,h100,exact,distilbert,training_tokens_per_second,prefetch_factor,4,True,8,3,0.0041222960377732916,0.009248119778931141,2.3948785815543183,684128.9366723954
E112@l40s,E112,l40s,exact,distilbert,training_tokens_per_second,prefetch_factor,4,True,8,3,0.004935193496445815,0.011233713322629532,5.799144613090903,282528.13825027115
