condition_id,experiment_id,platform_id,comparability,workload,model,platform,framework,precision,gpus,batch_size,concurrent_requests,prompt_length,throughput_unit,trials,avg_throughput_tokens_sec,avg_throughput_samples_sec,avg_latency_p50_ms,avg_latency_p95_ms,avg_ttft_p50_ms,avg_queueing_p50_ms,avg_memory_used_gb,avg_energy_joules
E006@h100,E006,h100,platform_specific,environment_validation,all,lovelace_h100,vllm,bf16,1,,,,generated_tokens_per_second,1,245.24840703665578,,8.15499690361321,8.15499690361321,8.15499690361321,,71.9375,
E006@l40s,E006,l40s,platform_specific,environment_validation,all,lovelace_l40s,vllm,bf16,1,,,,generated_tokens_per_second,1,255.82304415539363,,7.817903999239206,7.817903999239206,7.817903999239206,,40.609375,
E010@h100,E010,h100,exact,gpt2_small,gpt2,lovelace_h100,pytorch_eager,bf16,1,1,,128,generated_tokens_per_second,3,292.7216616740463,,437.22836100884405,439.5538891122366,4.8624536527010305,,0.9775390625,6110.307853870396
E010@l40s,E010,l40s,exact,gpt2_small,gpt2,lovelace_l40s,pytorch_eager,bf16,1,1,,128,generated_tokens_per_second,3,289.3171668521417,,439.61447399730486,441.48324272440124,4.525231352696816,,0.796875,
E011@h100,E011,h100,exact,gpt2_small,gpt2,lovelace_h100,pytorch_eager,bf16,1,1,,128,generated_tokens_per_second,3,290.9118737911284,,439.94698555131134,442.34011761727743,4.863074320989351,,0.9775390625,6174.595173874816
E011@l40s,E011,l40s,exact,gpt2_small,gpt2,lovelace_l40s,pytorch_eager,bf16,1,1,,128,generated_tokens_per_second,3,289.1738539651801,,441.8862765499701,443.5225394787267,4.5300680212676525,,0.818359375,
E014@h100,E014,h100,exact,distilbert,distilbert-base-uncased,lovelace_h100,pytorch_eager,bf16,1,1,,128,input_tokens_per_second,3,81175.99304821918,634.1874456892124,1.5549386735074222,1.5954521232439827,,,0.8505859375,17.416410486179714
E014@l40s,E014,l40s,exact,distilbert,distilbert-base-uncased,lovelace_l40s,pytorch_eager,bf16,1,1,,128,input_tokens_per_second,3,92255.5867191296,720.7467712432,1.3766710180789232,1.4004354132339358,,,0.650390625,
E015@h100,E015,h100,exact,distilbert,distilbert-base-uncased,lovelace_h100,pytorch_eager,bf16,1,1,,128,input_tokens_per_second,3,80915.18753307442,632.1499026021439,1.5559924844031532,1.6068045787202816,,,0.8505859375,17.70056705866669
E015@l40s,E015,l40s,exact,distilbert,distilbert-base-uncased,lovelace_l40s,pytorch_eager,bf16,1,1,,128,input_tokens_per_second,3,92134.8803195248,719.8037524962875,1.3750985575218995,1.4020029300202925,,,0.650390625,
E018@h100,E018,h100,exact,tinyllama,TinyLlama/TinyLlama-1.1B-Chat-v1.0,lovelace_h100,pytorch_eager,bf16,1,1,,128,generated_tokens_per_second,3,111.55403761200841,,1146.9635326842156,1151.5580591202404,11.612486695715537,,2.8466796875,19103.868457173387
E018@l40s,E018,l40s,exact,tinyllama,TinyLlama/TinyLlama-1.1B-Chat-v1.0,lovelace_l40s,pytorch_eager,bf16,1,1,,128,generated_tokens_per_second,3,116.19100336889774,,1101.7191573046148,1104.2493309282388,10.013455214599768,,2.6868489583333335,
E019@h100,E019,h100,exact,tinyllama,TinyLlama/TinyLlama-1.1B-Chat-v1.0,lovelace_h100,pytorch_eager,bf16,1,1,,128,generated_tokens_per_second,3,111.51883240228749,,1148.0772525149707,1150.9537045591667,11.608469493997594,,2.8466796875,19054.26428904005
E019@l40s,E019,l40s,exact,tinyllama,TinyLlama/TinyLlama-1.1B-Chat-v1.0,lovelace_l40s,pytorch_eager,bf16,1,1,,128,generated_tokens_per_second,3,116.94923909721535,,1094.2234822238486,1099.0944686112925,9.957956460615,,2.666015625,
E023@h100,E023,h100,exact,gpt2_small,gpt2,lovelace_h100,pytorch_eager,bf16,1,1,,128,generated_tokens_per_second,3,289.25973602858886,,442.46632953096804,445.2498064919685,4.883843493492653,,0.9775390625,6208.79475283406
E023@l40s,E023,l40s,exact,gpt2_small,gpt2,lovelace_l40s,pytorch_eager,bf16,1,1,,128,generated_tokens_per_second,3,294.49489293757387,,434.46162645705044,436.9971667338784,4.458553933848937,,0.796875,
E027@h100,E027,h100,exact,distilbert,distilbert-base-uncased,lovelace_h100,pytorch_eager,bf16,1,1,,128,input_tokens_per_second,3,81430.95994462026,636.1793745673458,1.5515803243033588,1.6052467108238488,,,0.8505859375,17.310840587898078
E027@l40s,E027,l40s,exact,distilbert,distilbert-base-uncased,lovelace_l40s,pytorch_eager,bf16,1,1,,128,input_tokens_per_second,3,92464.75341526726,722.3808860567755,1.3681237275401752,1.3954858994111419,,,0.650390625,
E031@h100,E031,h100,exact,tinyllama,TinyLlama/TinyLlama-1.1B-Chat-v1.0,lovelace_h100,pytorch_eager,bf16,1,1,,128,generated_tokens_per_second,3,112.01577109830714,,1142.8007525003825,1147.2054485425663,11.52222283417359,,2.8466796875,18910.020948808637
E031@l40s,E031,l40s,exact,tinyllama,TinyLlama/TinyLlama-1.1B-Chat-v1.0,lovelace_l40s,pytorch_eager,bf16,1,1,,128,generated_tokens_per_second,3,115.28916608223028,,1110.03693100065,1114.0283834189177,10.066352551802993,,2.666015625,
E087@h100,E087,h100,exact,gpt2_small,gpt2,lovelace_h100,pytorch_eager,fp16,1,1,,128,generated_tokens_per_second,3,270.8539089241971,,472.4964094348252,474.58380475485075,4.9102807727952795,,0.9775390625,6262.882378225168
E087@l40s,E087,l40s,exact,gpt2_small,gpt2,lovelace_l40s,pytorch_eager,fp16,1,1,,128,generated_tokens_per_second,3,287.94169341153116,,440.640349406749,442.8600292808066,4.5207778457552195,,0.818359375,
E088@h100,E088,h100,exact,gpt2_small,gpt2,lovelace_h100,pytorch_eager,bf16,1,1,,128,generated_tokens_per_second,3,290.06987860849614,,441.2393811702107,443.14289756972966,4.874324309639633,,0.9775390625,5931.9164062304835
E088@l40s,E088,l40s,exact,gpt2_small,gpt2,lovelace_l40s,pytorch_eager,bf16,1,1,,128,generated_tokens_per_second,3,295.74674668169615,,432.82404355704784,435.1596777172138,4.4521724339574575,,0.818359375,
E094@h100,E094,h100,exact,distilbert,distilbert-base-uncased,lovelace_h100,pytorch_eager,fp16,1,1,,128,input_tokens_per_second,3,75970.69410869609,593.5210477241882,1.6774296527728438,1.711782708298415,,,0.8479817708333334,17.755730772069654
E094@l40s,E094,l40s,exact,distilbert,distilbert-base-uncased,lovelace_l40s,pytorch_eager,fp16,1,1,,128,input_tokens_per_second,3,91371.8375971422,713.8424812276735,1.391887276743849,1.423604724307855,,,0.6822916666666666,
E095@h100,E095,h100,exact,distilbert,distilbert-base-uncased,lovelace_h100,pytorch_eager,bf16,1,1,,128,input_tokens_per_second,3,81384.43323736038,635.815884666878,1.5661385065565507,1.6014992143027484,,,0.8492838541666666,16.430747680919012
E095@l40s,E095,l40s,exact,distilbert,distilbert-base-uncased,lovelace_l40s,pytorch_eager,bf16,1,1,,128,input_tokens_per_second,3,92619.91323311611,723.5930721337196,1.3764762940506141,1.401349847825865,,,0.669921875,
E122@h100,E122,h100,exact,gpt2_small,gpt2,lovelace_h100,pytorch_eager,bf16,1,1,,128,generated_tokens_per_second,3,289.80396373226927,,441.5763416327536,443.8893797302929,4.89479450819393,,0.9775390625,5913.196369575048
E124@l40s,E124,l40s,exact,gpt2_small,gpt2,lovelace_l40s,pytorch_eager,bf16,1,1,,128,generated_tokens_per_second,3,288.7878168691862,,443.2347245359172,445.6502017565071,4.544049501419067,,0.796875,
E126@h100,E126,h100,exact,distilbert,distilbert-base-uncased,lovelace_h100,pytorch_eager,bf16,1,1,,128,input_tokens_per_second,3,80686.17995280061,630.3607808812548,1.5771012986078858,1.6184684820473194,,,0.8505859375,17.058663536890528
E128@l40s,E128,l40s,exact,distilbert,distilbert-base-uncased,lovelace_l40s,pytorch_eager,bf16,1,1,,128,input_tokens_per_second,3,92126.79716233995,719.7406028307809,1.3832217858483393,1.4102758994946878,,,0.6497395833333334,
E129@h100,E129,h100,exact,gpt2_small,gpt2,lovelace_h100,pytorch_eager,bf16,1,1,1,128,generated_tokens_per_second,3,289.96805391570007,,441.39439535016817,443.5813993642417,4.890634523083766,,0.9775390625,5844.310600989022
E129@l40s,E129,l40s,exact,gpt2_small,gpt2,lovelace_l40s,pytorch_eager,bf16,1,1,1,128,generated_tokens_per_second,3,292.2183309966244,,437.9692522343248,440.3730630098532,4.516028411065538,,0.796875,
E130@h100,E130,h100,exact,gpt2_small,gpt2,lovelace_h100,vllm,bf16,1,1,1,128,generated_tokens_per_second,3,356.56028605873394,,358.9954433652262,361.1462400993332,,,72.4326171875,4744.805418753226
E130@l40s,E130,l40s,exact,gpt2_small,gpt2,lovelace_l40s,vllm,bf16,1,1,1,128,generated_tokens_per_second,3,368.0324739373372,,347.9195882876714,349.9865612092738,,,41.01953125,
E132@h100,E132,h100,exact,gpt2_small,gpt2,lovelace_h100,vllm,bf16,1,1,1,128,generated_tokens_per_second,3,354.6549438585278,,360.9457869703571,363.6440825920242,,,72.4326171875,4761.451815233254
E132@l40s,E132,l40s,exact,gpt2_small,gpt2,lovelace_l40s,vllm,bf16,1,1,1,128,generated_tokens_per_second,3,369.5772794325681,,346.1681471671909,349.13138057260466,,,41.01953125,
E133@h100,E133,h100,exact,gpt2_small,gpt2,lovelace_h100,vllm,bf16,1,2,1,128,generated_tokens_per_second,3,663.2447185221366,,386.2425913102925,388.13644655359286,,,72.4326171875,4984.264344411898
E133@l40s,E133,l40s,exact,gpt2_small,gpt2,lovelace_l40s,vllm,bf16,1,2,1,128,generated_tokens_per_second,3,702.3070177440173,,364.70794848476845,366.9071940239519,,,41.01953125,
E134@h100,E134,h100,exact,gpt2_small,gpt2,lovelace_h100,vllm,bf16,1,4,1,128,generated_tokens_per_second,3,1304.8652126852005,,392.7173043290774,394.6051354364802,,,72.43391927083333,5122.311540924901
E134@l40s,E134,l40s,exact,gpt2_small,gpt2,lovelace_l40s,vllm,bf16,1,4,1,128,generated_tokens_per_second,3,1416.9026272661195,,361.1920917561899,363.39415743326146,,,41.020833333333336,
E135@h100,E135,h100,exact,gpt2_small,gpt2,lovelace_h100,vllm,bf16,1,8,1,128,generated_tokens_per_second,3,2577.3091751606457,,397.45868851120275,399.43209330085665,,,72.4326171875,5341.728672595691
E135@l40s,E135,l40s,exact,gpt2_small,gpt2,lovelace_l40s,vllm,bf16,1,8,1,128,generated_tokens_per_second,3,2765.3488432478493,,370.0920450501144,373.2341847460096,,,41.01953125,
E136@h100,E136,h100,exact,gpt2_small,gpt2,lovelace_h100,vllm,bf16,1,16,1,128,generated_tokens_per_second,3,4955.295503701225,,413.3760795618097,415.5997571224968,,,72.43391927083333,5751.9158908726895
E136@l40s,E136,l40s,exact,gpt2_small,gpt2,lovelace_l40s,vllm,bf16,1,16,1,128,generated_tokens_per_second,3,5348.347404327499,,383.1365345977247,385.358334860454,,,41.01953125,
E137@h100,E137,h100,exact,gpt2_small,gpt2,lovelace_h100,vllm,bf16,1,32,1,128,generated_tokens_per_second,3,9463.19997737861,,432.5780791696161,435.77903081895784,,,72.4365234375,6499.4282243184025
E137@l40s,E137,l40s,exact,gpt2_small,gpt2,lovelace_l40s,vllm,bf16,1,32,1,128,generated_tokens_per_second,3,10262.443171749963,,398.8747831899673,402.23087871757645,,,41.021484375,
E138@h100,E138,h100,exact,gpt2_small,gpt2,lovelace_h100,vllm,bf16,1,1,1,128,generated_tokens_per_second,3,354.39508513827747,,361.18101635171723,363.2355928809072,,,72.4326171875,4735.901544422332
E138@l40s,E138,l40s,exact,gpt2_small,gpt2,lovelace_l40s,vllm,bf16,1,1,1,128,generated_tokens_per_second,3,368.9497557630613,,346.6400356652836,349.74033278413117,,,41.01953125,
E139@h100,E139,h100,exact,gpt2_small,gpt2,lovelace_h100,vllm,bf16,1,1,2,128,generated_tokens_per_second,3,665.5133918196268,,384.55193482028943,387.1045036241412,,,72.4326171875,4959.555598663376
E139@l40s,E139,l40s,exact,gpt2_small,gpt2,lovelace_l40s,vllm,bf16,1,1,2,128,generated_tokens_per_second,3,706.8116248537702,,362.52157754885656,364.5426641528805,,,41.01953125,
E140@h100,E140,h100,exact,gpt2_small,gpt2,lovelace_h100,vllm,bf16,1,1,4,128,generated_tokens_per_second,3,1299.3036756600914,,394.300387861828,396.1044750874862,,,72.4345703125,5152.643448844772
E140@l40s,E140,l40s,exact,gpt2_small,gpt2,lovelace_l40s,vllm,bf16,1,1,4,128,generated_tokens_per_second,3,1400.3447376010179,,365.6528385666509,367.588564241305,,,41.021484375,
E141@h100,E141,h100,exact,gpt2_small,gpt2,lovelace_h100,vllm,bf16,1,1,8,128,generated_tokens_per_second,3,2538.5509759901092,,403.42852535347146,404.88833005462465,,,72.4326171875,5400.878693188427
E141@l40s,E141,l40s,exact,gpt2_small,gpt2,lovelace_l40s,vllm,bf16,1,1,8,128,generated_tokens_per_second,3,2816.369850907802,,363.7729551022251,365.75824027725804,,,41.01953125,
E142@h100,E142,h100,exact,gpt2_small,gpt2,lovelace_h100,vllm,bf16,1,1,16,128,generated_tokens_per_second,3,4977.0630035840895,,411.76028782501817,413.8004925684072,,,72.4326171875,5729.181743421021
E142@l40s,E142,l40s,exact,gpt2_small,gpt2,lovelace_l40s,vllm,bf16,1,1,16,128,generated_tokens_per_second,3,5425.577227791981,,377.60142136054736,379.78976073209196,,,41.01953125,
E143@h100,E143,h100,exact,gpt2_small,gpt2,lovelace_h100,vllm,bf16,1,1,1,128,generated_tokens_per_second,3,353.9741755377792,,361.69865731305134,364.50363481029245,,,72.4326171875,4830.033073069103
E143@l40s,E143,l40s,exact,gpt2_small,gpt2,lovelace_l40s,vllm,bf16,1,1,1,128,generated_tokens_per_second,3,368.72261001592193,,346.95047008184093,350.03265764874715,,,41.01953125,
E144@h100,E144,h100,exact,gpt2_small,gpt2,lovelace_h100,vllm,bf16,1,1,1,384,generated_tokens_per_second,3,355.24130973603707,,359.640915490066,363.0150502935673,,,72.4345703125,4818.981542709641
E144@l40s,E144,l40s,exact,gpt2_small,gpt2,lovelace_l40s,vllm,bf16,1,1,1,384,generated_tokens_per_second,3,365.7478431724394,,349.9439825148632,351.6564237264295,,,41.021484375,
E145@h100,E145,h100,exact,gpt2_small,gpt2,lovelace_h100,vllm,bf16,1,1,1,640,generated_tokens_per_second,3,352.6577189018,,363.1093738367781,365.10571617788327,,,72.4365234375,4890.254068683886
E145@l40s,E145,l40s,exact,gpt2_small,gpt2,lovelace_l40s,vllm,bf16,1,1,1,640,generated_tokens_per_second,3,369.78397929715715,,346.02629323489964,348.7540610522653,,,41.0234375,
E146@h100,E146,h100,exact,gpt2_small,gpt2,lovelace_h100,vllm,bf16,1,1,1,896,generated_tokens_per_second,3,356.4956111589416,,358.4647308258961,362.4370569324431,,,72.4306640625,4858.5429157136105
E146@l40s,E146,l40s,exact,gpt2_small,gpt2,lovelace_l40s,vllm,bf16,1,1,1,896,generated_tokens_per_second,3,365.50621535358414,,350.1350126074006,352.17633973807096,,,41.01953125,
E147@h100,E147,h100,exact,gpt2_small,gpt2,lovelace_h100,vllm,bf16,2,1,1,128,generated_tokens_per_second,3,274.82625130741206,,465.59520383986336,468.4933856478892,,,72.5986328125,12147.230568676137
E147@l40s,E147,l40s,exact,gpt2_small,gpt2,lovelace_l40s,vllm,bf16,2,1,1,128,generated_tokens_per_second,3,289.33265449873534,,442.2570694393168,444.57664651951444,,,41.056640625,
E148@h100,E148,h100,exact,gpt2_small,gpt2,lovelace_h100,vllm,bf16,4,1,1,128,generated_tokens_per_second,3,267.4342440380289,,477.89557301439345,482.76395193922025,,,72.5556640625,27882.39475615539
E148@l40s,E148,l40s,exact,gpt2_small,gpt2,lovelace_l40s,vllm,bf16,4,1,1,128,generated_tokens_per_second,3,200.64441848347101,,638.7898894802978,644.4979450432585,,,41.044921875,23429.35728056227
E149@h100,E149,h100,exact,gpt2_small,gpt2,lovelace_h100,pytorch_eager,fp16,1,1,1,128,generated_tokens_per_second,3,268.01342380627113,,477.5581021482746,479.36511200775084,4.961362186198433,,0.9775390625,6357.3878112797565
E149@l40s,E149,l40s,exact,gpt2_small,gpt2,lovelace_l40s,pytorch_eager,fp16,1,1,1,128,generated_tokens_per_second,3,289.11874119597104,,442.81251813905936,444.75523749521625,4.528720785553257,,0.861328125,
E150@h100,E150,h100,exact,gpt2_small,gpt2,lovelace_h100,pytorch_eager,bf16,1,1,1,128,generated_tokens_per_second,3,290.2718859334711,,440.9170475555584,443.2716148711431,4.8654061974957585,,0.9775390625,5875.428958655563
E150@l40s,E150,l40s,exact,gpt2_small,gpt2,lovelace_l40s,pytorch_eager,bf16,1,1,1,128,generated_tokens_per_second,3,289.59805003667424,,441.9349098267655,444.2282710845272,4.538994748145342,,0.8229166666666666,
E151@h100,E151,h100,exact,gpt2_small,gpt2,lovelace_h100,vllm,fp8,1,1,1,128,generated_tokens_per_second,3,282.7228799026039,,452.75610553411144,454.65445010534796,,,72.5517578125,5445.306822733465
E151@l40s,E151,l40s,exact,gpt2_small,gpt2,lovelace_l40s,vllm,fp8,1,1,1,128,generated_tokens_per_second,3,298.3403490245135,,428.76844977339107,431.3468884443864,,,41.099609375,4331.938998230681
E153@h100,E153,h100,exact,distilbert,distilbert-base-uncased-finetuned-sst-2-english,lovelace_h100,pytorch_eager,bf16,1,1,1,128,input_tokens_per_second,3,81216.49145903849,634.5038395237382,1.5666462713852525,1.6054937072719138,,,0.8505859375,17.010742893765755
E153@l40s,E153,l40s,exact,distilbert,distilbert-base-uncased-finetuned-sst-2-english,lovelace_l40s,pytorch_eager,bf16,1,1,1,128,input_tokens_per_second,3,93375.3370895866,729.4948210123953,1.3626331153015296,1.3954163917029898,,,0.650390625,
E156@h100,E156,h100,exact,distilbert,distilbert-base-uncased-finetuned-sst-2-english,lovelace_h100,pytorch_eager,bf16,1,1,1,128,input_tokens_per_second,3,81188.51498851589,634.2852733477804,1.5689206775277853,1.6003660042770207,,,0.8505859375,17.451688273381443
E156@l40s,E156,l40s,exact,distilbert,distilbert-base-uncased-finetuned-sst-2-english,lovelace_l40s,pytorch_eager,bf16,1,1,1,128,input_tokens_per_second,3,91804.9325969738,717.2260359138578,1.3798624277114868,1.4215606187159817,,,0.650390625,
E157@h100,E157,h100,exact,distilbert,distilbert-base-uncased-finetuned-sst-2-english,lovelace_h100,pytorch_eager,bf16,1,2,1,128,input_tokens_per_second,3,161212.1081101109,1259.4695946102413,1.5774171721811097,1.6171713398459058,,,0.8505859375,17.214018594962543
E157@l40s,E157,l40s,exact,distilbert,distilbert-base-uncased-finetuned-sst-2-english,lovelace_l40s,pytorch_eager,bf16,1,2,1,128,input_tokens_per_second,3,177057.0772733905,1383.2584161983632,1.4396139110128086,1.4705884270370007,,,0.650390625,
E158@h100,E158,h100,exact,distilbert,distilbert-base-uncased-finetuned-sst-2-english,lovelace_h100,pytorch_eager,bf16,1,4,1,128,input_tokens_per_second,3,311109.92464009667,2430.546286250755,1.6375776225080092,1.6741836288323004,,,0.8544921875,18.065790414093836
E158@l40s,E158,l40s,exact,distilbert,distilbert-base-uncased-finetuned-sst-2-english,lovelace_l40s,pytorch_eager,bf16,1,4,1,128,input_tokens_per_second,3,349827.88020977896,2733.030314138898,1.4542237234612305,1.50242749756823,,,0.650390625,
E159@h100,E159,h100,exact,distilbert,distilbert-base-uncased-finetuned-sst-2-english,lovelace_h100,pytorch_eager,bf16,1,8,1,128,input_tokens_per_second,3,621841.3108649225,4858.135241132207,1.626638035910825,1.715777375890563,,,0.8662109375,18.632904184339182
E159@l40s,E159,l40s,exact,distilbert,distilbert-base-uncased-finetuned-sst-2-english,lovelace_l40s,pytorch_eager,bf16,1,8,1,128,input_tokens_per_second,3,728712.6004050897,5693.067190664763,1.3954007687668006,1.4485974796116352,,,0.658203125,
E160@h100,E160,h100,exact,distilbert,distilbert-base-uncased-finetuned-sst-2-english,lovelace_h100,pytorch_eager,bf16,1,16,1,128,input_tokens_per_second,3,1133379.7698247584,8854.529451755925,1.8001953139901161,1.8345920834690332,,,0.8889973958333334,17.88767520848429
E160@l40s,E160,l40s,exact,distilbert,distilbert-base-uncased-finetuned-sst-2-english,lovelace_l40s,pytorch_eager,bf16,1,16,1,128,input_tokens_per_second,3,1396424.394152336,10909.565579315125,1.462310707817475,1.4819307407985132,,,0.6705729166666666,
E161@h100,E161,h100,exact,distilbert,distilbert-base-uncased-finetuned-sst-2-english,lovelace_h100,pytorch_eager,bf16,1,32,1,128,input_tokens_per_second,3,2208135.118572807,17251.055613850054,1.8438319287573297,1.9050343583027523,,,0.9345703125,22.027945341019656
E161@l40s,E161,l40s,exact,distilbert,distilbert-base-uncased-finetuned-sst-2-english,lovelace_l40s,pytorch_eager,bf16,1,32,1,128,input_tokens_per_second,3,1520671.0753050204,11880.242775820472,2.694729327534636,2.7219055763756237,,,0.734375,
E162@h100,E162,h100,exact,distilbert,distilbert-base-uncased-finetuned-sst-2-english,lovelace_h100,pytorch_eager,bf16,1,1,1,128,input_tokens_per_second,3,80613.098021844,629.7898282956562,1.5803218508760135,1.6200261190533638,,,0.8505859375,17.732496409408824
E162@l40s,E162,l40s,exact,distilbert,distilbert-base-uncased-finetuned-sst-2-english,lovelace_l40s,pytorch_eager,bf16,1,1,1,128,input_tokens_per_second,3,91634.97406524599,715.8982348847343,1.3783097577591736,1.4128086778024833,,,0.646484375,
E163@h100,E163,h100,exact,distilbert,distilbert-base-uncased-finetuned-sst-2-english,lovelace_h100,pytorch_eager,bf16,1,1,2,128,input_tokens_per_second,3,76681.81656566734,599.0766919192761,3.152192570269108,4.177689296193422,,,2.0087890625,38.02611709920689
E163@l40s,E163,l40s,exact,distilbert,distilbert-base-uncased-finetuned-sst-2-english,lovelace_l40s,pytorch_eager,bf16,1,1,2,128,input_tokens_per_second,3,84544.35034694959,660.5027370855437,2.8163737151771784,4.47264975712945,,,1.416015625,
E164@h100,E164,h100,exact,distilbert,distilbert-base-uncased-finetuned-sst-2-english,lovelace_h100,pytorch_eager,bf16,1,1,4,128,input_tokens_per_second,3,79974.72105724284,624.8025082597097,6.256340576025347,6.607781595084816,,,2.0087890625,76.64339809174068
E164@l40s,E164,l40s,exact,distilbert,distilbert-base-uncased-finetuned-sst-2-english,lovelace_l40s,pytorch_eager,bf16,1,1,4,128,input_tokens_per_second,3,88202.50068757345,689.0820366216676,5.594999684641759,5.897266278043392,,,1.416015625,
E165@h100,E165,h100,exact,distilbert,distilbert-base-uncased-finetuned-sst-2-english,lovelace_h100,pytorch_eager,bf16,1,1,8,128,input_tokens_per_second,3,80292.27660334088,627.2834109636007,12.67453325757136,12.970594557312625,,,2.0087890625,164.68205274995418
E165@l40s,E165,l40s,exact,distilbert,distilbert-base-uncased-finetuned-sst-2-english,lovelace_l40s,pytorch_eager,bf16,1,1,8,128,input_tokens_per_second,3,91288.06910877403,713.1880399122971,11.12809699649612,11.50824103193978,,,1.416015625,
E166@h100,E166,h100,exact,distilbert,distilbert-base-uncased-finetuned-sst-2-english,lovelace_h100,pytorch_eager,bf16,1,1,16,128,input_tokens_per_second,3,80897.91071294739,632.0149274449014,25.17845982220024,25.718104594852775,,,2.0087890625,349.37760503378195
E166@l40s,E166,l40s,exact,distilbert,distilbert-base-uncased-finetuned-sst-2-english,lovelace_l40s,pytorch_eager,bf16,1,1,16,128,input_tokens_per_second,3,90674.6136545856,708.39541917645,22.43722106019656,22.949021946017936,,,1.416015625,
E167@h100,E167,h100,exact,distilbert,distilbert-base-uncased-finetuned-sst-2-english,lovelace_h100,pytorch_eager,bf16,1,1,1,64,input_tokens_per_second,3,41439.28347877756,647.4888043558993,1.5375121729448438,1.5728197370966275,,,0.8486328125,17.09017477285583
E167@l40s,E167,l40s,exact,distilbert,distilbert-base-uncased-finetuned-sst-2-english,lovelace_l40s,pytorch_eager,bf16,1,1,1,64,input_tokens_per_second,3,44998.62586800966,703.1035291876509,1.4181832472483318,1.442278556836148,,,0.646484375,
E168@h100,E168,h100,exact,distilbert,distilbert-base-uncased-finetuned-sst-2-english,lovelace_h100,pytorch_eager,bf16,1,1,1,128,input_tokens_per_second,3,79831.77943815058,623.6857768605514,1.5953466451416414,1.626246244025727,,,0.8505859375,17.861213813546737
E168@l40s,E168,l40s,exact,distilbert,distilbert-base-uncased-finetuned-sst-2-english,lovelace_l40s,pytorch_eager,bf16,1,1,1,128,input_tokens_per_second,3,92831.1925595536,725.2436918715125,1.3682866313805182,1.4356333219135802,,,0.6451822916666666,
E169@h100,E169,h100,exact,distilbert,distilbert-base-uncased-finetuned-sst-2-english,lovelace_h100,pytorch_eager,bf16,1,1,1,256,input_tokens_per_second,3,161613.42304046612,631.3024337518208,1.5747642998273175,1.6175818086291354,,,0.8505859375,17.522177375909717
E169@l40s,E169,l40s,exact,distilbert,distilbert-base-uncased-finetuned-sst-2-english,lovelace_l40s,pytorch_eager,bf16,1,1,1,256,input_tokens_per_second,3,179918.9740931385,702.8084925513223,1.4145159317801397,1.4474038733169436,,,0.6484375,
E170@h100,E170,h100,exact,distilbert,distilbert-base-uncased-finetuned-sst-2-english,lovelace_h100,pytorch_eager,bf16,1,1,1,512,input_tokens_per_second,3,307314.3121012083,600.2232658226725,1.6610059731950362,1.6950317464458446,,,0.8544921875,18.64895236243901
E170@l40s,E170,l40s,exact,distilbert,distilbert-base-uncased-finetuned-sst-2-english,lovelace_l40s,pytorch_eager,bf16,1,1,1,512,input_tokens_per_second,3,347205.92027505866,678.1365630372239,1.4677824607739847,1.4993358869105577,,,0.6510416666666666,
E171@h100,E171,h100,exact,distilbert,distilbert-base-uncased-finetuned-sst-2-english,lovelace_h100,pytorch_eager,bf16,2,1,1,128,input_tokens_per_second,3,34204.286709871354,267.22098992086995,3.7192075978964567,3.821366784783701,,,1.3330078125,66.81586829856504
E171@l40s,E171,l40s,exact,distilbert,distilbert-base-uncased-finetuned-sst-2-english,lovelace_l40s,pytorch_eager,bf16,2,1,1,128,input_tokens_per_second,3,36565.16760419643,285.6653719077846,3.471428295597434,3.591626579873264,,,1.08984375,
E172@h100,E172,h100,exact,distilbert,distilbert-base-uncased-finetuned-sst-2-english,lovelace_h100,pytorch_eager,bf16,4,1,1,128,input_tokens_per_second,3,34371.61113893721,268.52821202294695,3.693082369863987,3.7775152906154594,,,1.3349609375,116.82457951938268
E172@l40s,E172,l40s,exact,distilbert,distilbert-base-uncased-finetuned-sst-2-english,lovelace_l40s,pytorch_eager,bf16,4,1,1,128,input_tokens_per_second,3,36428.56653874238,284.59817608392484,3.477499975512425,3.591339856696625,,,1.08984375,109.34462123378567
E173@h100,E173,h100,exact,distilbert,distilbert-base-uncased-finetuned-sst-2-english,lovelace_h100,pytorch_eager,fp16,1,1,1,128,input_tokens_per_second,3,76834.7143882212,600.2712061579781,1.6516771477957566,1.692893049524476,,,0.8486328125,18.54323318368057
E173@l40s,E173,l40s,exact,distilbert,distilbert-base-uncased-finetuned-sst-2-english,lovelace_l40s,pytorch_eager,fp16,1,1,1,128,input_tokens_per_second,3,91422.25373669424,714.2363573179238,1.3940664939582348,1.4282008400186896,,,0.6751302083333334,
E174@h100,E174,h100,exact,distilbert,distilbert-base-uncased-finetuned-sst-2-english,lovelace_h100,pytorch_eager,bf16,1,1,1,128,input_tokens_per_second,3,80909.19592495805,632.1030931637348,1.5746991460522015,1.6119093207331996,,,0.8505859375,17.556158185085128
E174@l40s,E174,l40s,exact,distilbert,distilbert-base-uncased-finetuned-sst-2-english,lovelace_l40s,pytorch_eager,bf16,1,1,1,128,input_tokens_per_second,3,91039.95788660424,711.2496709890956,1.4001678209751844,1.424043291869263,,,0.650390625,
E177@h100,E177,h100,exact,tinyllama,TinyLlama/TinyLlama-1.1B-Chat-v1.0,lovelace_h100,pytorch_eager,bf16,1,1,1,128,generated_tokens_per_second,3,112.36194979429564,,1139.159307970355,1143.1912782640818,11.54696848243475,,2.8466796875,17993.83191960677
E177@l40s,E177,l40s,exact,tinyllama,TinyLlama/TinyLlama-1.1B-Chat-v1.0,lovelace_l40s,pytorch_eager,bf16,1,1,1,128,generated_tokens_per_second,3,115.99056765737198,,1103.4146355620276,1108.6716208451737,10.001425010462603,,2.666015625,
E178@h100,E178,h100,exact,tinyllama,TinyLlama/TinyLlama-1.1B-Chat-v1.0,lovelace_h100,vllm,bf16,1,1,1,128,generated_tokens_per_second,3,221.32776712831188,,578.1558422992626,580.6306534912437,,,72.4912109375,11582.809061601083
E178@l40s,E178,l40s,exact,tinyllama,TinyLlama/TinyLlama-1.1B-Chat-v1.0,lovelace_l40s,vllm,bf16,1,1,1,128,generated_tokens_per_second,3,210.82805147790418,,607.0999583850304,610.0592403750246,,,41.04296875,
E180@h100,E180,h100,exact,tinyllama,TinyLlama/TinyLlama-1.1B-Chat-v1.0,lovelace_h100,vllm,bf16,1,1,1,128,generated_tokens_per_second,3,220.5915869774232,,580.0682317931205,583.9492150000297,,,72.4912109375,11618.818711664395
E180@l40s,E180,l40s,exact,tinyllama,TinyLlama/TinyLlama-1.1B-Chat-v1.0,lovelace_l40s,vllm,bf16,1,1,1,128,generated_tokens_per_second,3,211.011358235334,,606.5269276344528,609.1124470423287,,,41.04296875,
E181@h100,E181,h100,exact,tinyllama,TinyLlama/TinyLlama-1.1B-Chat-v1.0,lovelace_h100,vllm,bf16,1,2,1,128,generated_tokens_per_second,3,374.6702355266007,,683.4756056778133,685.9709514615437,,,72.4912109375,12425.061751995236
E181@l40s,E181,l40s,exact,tinyllama,TinyLlama/TinyLlama-1.1B-Chat-v1.0,lovelace_l40s,vllm,bf16,1,2,1,128,generated_tokens_per_second,3,393.4869813771604,,650.636445886145,654.2390557937324,,,41.04296875,
E182@h100,E182,h100,exact,tinyllama,TinyLlama/TinyLlama-1.1B-Chat-v1.0,lovelace_h100,vllm,bf16,1,4,1,128,generated_tokens_per_second,3,740.7118060456451,,691.1729883480197,694.1593361242363,,,72.4912109375,12683.59569565468
E182@l40s,E182,l40s,exact,tinyllama,TinyLlama/TinyLlama-1.1B-Chat-v1.0,lovelace_l40s,vllm,bf16,1,4,1,128,generated_tokens_per_second,3,786.2701999909327,,651.1498327211788,654.0974130543569,,,41.04296875,
E183@h100,E183,h100,exact,tinyllama,TinyLlama/TinyLlama-1.1B-Chat-v1.0,lovelace_h100,vllm,bf16,1,8,1,128,generated_tokens_per_second,3,1480.2505379809372,,691.8764023187881,694.8602184692087,,,72.4912109375,12813.69519179457
E183@l40s,E183,l40s,exact,tinyllama,TinyLlama/TinyLlama-1.1B-Chat-v1.0,lovelace_l40s,vllm,bf16,1,8,1,128,generated_tokens_per_second,3,1546.3742050917463,,662.2211848540852,665.8537694641078,,,41.04296875,
E184@h100,E184,h100,exact,tinyllama,TinyLlama/TinyLlama-1.1B-Chat-v1.0,lovelace_h100,vllm,bf16,1,16,1,128,generated_tokens_per_second,3,2889.8132550972673,,708.5904389775047,711.8351972700717,,,72.49251302083333,13420.767495627088
E184@l40s,E184,l40s,exact,tinyllama,TinyLlama/TinyLlama-1.1B-Chat-v1.0,lovelace_l40s,vllm,bf16,1,16,1,128,generated_tokens_per_second,3,3046.966447654235,,671.9698456581682,675.778909935616,,,41.04296875,
E185@h100,E185,h100,exact,tinyllama,TinyLlama/TinyLlama-1.1B-Chat-v1.0,lovelace_h100,vllm,bf16,1,32,1,128,generated_tokens_per_second,3,5631.490999645917,,727.376515356203,731.3258790799106,,,72.4912109375,14442.134558813064
E185@l40s,E185,l40s,exact,tinyllama,TinyLlama/TinyLlama-1.1B-Chat-v1.0,lovelace_l40s,vllm,bf16,1,32,1,128,generated_tokens_per_second,3,5613.9102496416735,,729.9104621633887,732.7946487270916,,,41.04296875,
E186@h100,E186,h100,exact,tinyllama,TinyLlama/TinyLlama-1.1B-Chat-v1.0,lovelace_h100,vllm,bf16,1,1,1,128,generated_tokens_per_second,3,220.6311342313205,,579.917028817969,583.0189338574806,,,72.4912109375,11672.295816451779
E186@l40s,E186,l40s,exact,tinyllama,TinyLlama/TinyLlama-1.1B-Chat-v1.0,lovelace_l40s,vllm,bf16,1,1,1,128,generated_tokens_per_second,3,209.28682970658008,,611.7224945531538,614.4087291555479,,,41.04296875,
E187@h100,E187,h100,exact,tinyllama,TinyLlama/TinyLlama-1.1B-Chat-v1.0,lovelace_h100,vllm,bf16,1,1,2,128,generated_tokens_per_second,3,376.3337880391836,,680.4093294388925,682.8176948668746,,,72.4912109375,12270.018044343844
E187@l40s,E187,l40s,exact,tinyllama,TinyLlama/TinyLlama-1.1B-Chat-v1.0,lovelace_l40s,vllm,bf16,1,1,2,128,generated_tokens_per_second,3,391.24879191276955,,654.6324911372116,657.5509520169968,,,41.04296875,
E188@h100,E188,h100,exact,tinyllama,TinyLlama/TinyLlama-1.1B-Chat-v1.0,lovelace_h100,vllm,bf16,1,1,4,128,generated_tokens_per_second,3,742.6593675205517,,689.37933879594,692.5383434824956,,,72.4912109375,12704.059132133843
E188@l40s,E188,l40s,exact,tinyllama,TinyLlama/TinyLlama-1.1B-Chat-v1.0,lovelace_l40s,vllm,bf16,1,1,4,128,generated_tokens_per_second,3,773.489079445686,,662.1573579808077,665.5396610110378,,,41.04296875,
E189@h100,E189,h100,exact,tinyllama,TinyLlama/TinyLlama-1.1B-Chat-v1.0,lovelace_h100,vllm,bf16,1,1,8,128,generated_tokens_per_second,3,1481.3037667933104,,691.4058339316398,694.3742803414352,,,72.4912109375,12914.022977647764
E189@l40s,E189,l40s,exact,tinyllama,TinyLlama/TinyLlama-1.1B-Chat-v1.0,lovelace_l40s,vllm,bf16,1,1,8,128,generated_tokens_per_second,3,1547.1835338708572,,662.0872335042804,664.9206157851344,,,41.04296875,
E190@h100,E190,h100,exact,tinyllama,TinyLlama/TinyLlama-1.1B-Chat-v1.0,lovelace_h100,vllm,bf16,1,1,16,128,generated_tokens_per_second,3,2892.9045409452324,,707.9326854630684,710.3634501846196,,,72.49251302083333,13375.990823826649
E190@l40s,E190,l40s,exact,tinyllama,TinyLlama/TinyLlama-1.1B-Chat-v1.0,lovelace_l40s,vllm,bf16,1,1,16,128,generated_tokens_per_second,3,3046.2118911677976,,672.0079053969433,676.4424136218926,,,41.04296875,
E191@h100,E191,h100,exact,tinyllama,TinyLlama/TinyLlama-1.1B-Chat-v1.0,lovelace_h100,vllm,bf16,1,1,1,128,generated_tokens_per_second,3,219.8104041999242,,582.4230621801689,584.877154948966,,,72.4912109375,11819.313285186427
E191@l40s,E191,l40s,exact,tinyllama,TinyLlama/TinyLlama-1.1B-Chat-v1.0,lovelace_l40s,vllm,bf16,1,1,1,128,generated_tokens_per_second,3,210.85135259810747,,607.2061993957808,610.0538079005977,,,41.04296875,
E192@h100,E192,h100,exact,tinyllama,TinyLlama/TinyLlama-1.1B-Chat-v1.0,lovelace_h100,vllm,bf16,1,1,1,640,generated_tokens_per_second,3,221.8815802345686,,576.8542354538416,579.5835795230232,,,72.4892578125,11855.964629153224
E192@l40s,E192,l40s,exact,tinyllama,TinyLlama/TinyLlama-1.1B-Chat-v1.0,lovelace_l40s,vllm,bf16,1,1,1,640,generated_tokens_per_second,3,202.19906022350776,,632.9951506728927,636.5683410471926,,,41.04296875,
E193@h100,E193,h100,exact,tinyllama,TinyLlama/TinyLlama-1.1B-Chat-v1.0,lovelace_h100,vllm,bf16,1,1,1,1280,generated_tokens_per_second,3,221.08001977269103,,578.5213451211652,583.392817270942,,,72.4892578125,11949.217480834668
E193@l40s,E193,l40s,exact,tinyllama,TinyLlama/TinyLlama-1.1B-Chat-v1.0,lovelace_l40s,vllm,bf16,1,1,1,1280,generated_tokens_per_second,3,207.7891122719426,,615.7912386891743,619.5244788813094,,,41.04296875,
E194@h100,E194,h100,exact,tinyllama,TinyLlama/TinyLlama-1.1B-Chat-v1.0,lovelace_h100,vllm,bf16,1,1,1,1920,generated_tokens_per_second,3,221.01751915388874,,579.1638260319208,581.4665449705595,,,72.4892578125,11942.508501804949
E194@l40s,E194,l40s,exact,tinyllama,TinyLlama/TinyLlama-1.1B-Chat-v1.0,lovelace_l40s,vllm,bf16,1,1,1,1920,generated_tokens_per_second,3,204.8175096304675,,625.0051368648807,627.7806122632076,,,41.04296875,
E195@h100,E195,h100,exact,tinyllama,TinyLlama/TinyLlama-1.1B-Chat-v1.0,lovelace_h100,vllm,bf16,2,1,1,128,generated_tokens_per_second,3,170.0036663234736,,752.807712337623,755.4726223383719,,,72.5791015625,23733.529545871035
E195@l40s,E195,l40s,exact,tinyllama,TinyLlama/TinyLlama-1.1B-Chat-v1.0,lovelace_l40s,vllm,bf16,2,1,1,128,generated_tokens_per_second,3,169.53621233686397,,754.804788933446,757.9131758927057,,,41.034505208333336,
E196@h100,E196,h100,exact,tinyllama,TinyLlama/TinyLlama-1.1B-Chat-v1.0,lovelace_h100,vllm,bf16,4,1,1,128,generated_tokens_per_second,3,171.44064710106647,,745.5198756263902,754.2830793264633,,,72.5009765625,48557.10294162907
E196@l40s,E196,l40s,exact,tinyllama,TinyLlama/TinyLlama-1.1B-Chat-v1.0,lovelace_l40s,vllm,bf16,4,1,1,128,generated_tokens_per_second,3,117.85131452179535,,1086.2606735123943,1095.874035373951,,,41.015625,45033.246613950905
E197@h100,E197,h100,exact,tinyllama,TinyLlama/TinyLlama-1.1B-Chat-v1.0,lovelace_h100,pytorch_eager,fp16,1,1,1,128,generated_tokens_per_second,3,102.8919276723065,,1243.5667996760458,1249.5593508783106,11.621934672196707,,2.8466796875,19026.010044553335
E197@l40s,E197,l40s,exact,tinyllama,TinyLlama/TinyLlama-1.1B-Chat-v1.0,lovelace_l40s,pytorch_eager,fp16,1,1,1,128,generated_tokens_per_second,3,113.38271553811568,,1129.3427619772654,1131.6544591682032,10.178646926457683,,2.6764322916666665,
E198@h100,E198,h100,exact,tinyllama,TinyLlama/TinyLlama-1.1B-Chat-v1.0,lovelace_h100,pytorch_eager,bf16,1,1,1,128,generated_tokens_per_second,3,111.49103214377801,,1147.8500198184822,1153.4271312489484,11.595573159866035,,2.8466796875,18167.947266881925
E198@l40s,E198,l40s,exact,tinyllama,TinyLlama/TinyLlama-1.1B-Chat-v1.0,lovelace_l40s,pytorch_eager,bf16,1,1,1,128,generated_tokens_per_second,3,115.0149074080728,,1113.725538443153,1117.5842768124614,10.067427608494958,,2.697265625,
E199@h100,E199,h100,exact,tinyllama,TinyLlama/TinyLlama-1.1B-Chat-v1.0,lovelace_h100,vllm,fp8,1,1,1,128,generated_tokens_per_second,3,181.17046364229031,,706.4011670493832,709.3661106463211,,,72.4482421875,10032.636626135443
E199@l40s,E199,l40s,exact,tinyllama,TinyLlama/TinyLlama-1.1B-Chat-v1.0,lovelace_l40s,vllm,fp8,1,1,1,128,generated_tokens_per_second,3,167.21188665132203,,765.5154797248542,768.9904604883244,,,41.00390625,9943.661655460357
E212@h100,E212,h100,platform_specific,gpt2_small,gpt2,lovelace_h100,pytorch_eager,bf16,1,1,1,128,generated_tokens_per_second,3,290.49930580790755,,440.7055984484032,442.6162609946914,4.872388206422329,,0.9775390625,5927.452218366397
E212@l40s,E212,l40s,platform_specific,gpt2_small,gpt2,lovelace_l40s,pytorch_eager,bf16,1,1,1,128,generated_tokens_per_second,3,288.94020972804316,,442.96854028167826,445.0905383486922,4.539985830585162,,0.796875,
E229@l40s,E229,l40s,exact,tinyllama,TinyLlama/TinyLlama-1.1B-Chat-v1.0,lovelace_l40s,vllm,bf16,8,1,1,128,generated_tokens_per_second,3,112.26562713570983,,1140.404965961352,1162.0731131872162,,,41.046875,87342.7260550066
E230@l40s,E230,l40s,platform_specific,environment_validation,all,lovelace_l40s,vllm,bf16,8,,,,generated_tokens_per_second,1,98.03320376798224,,20.401251036673784,20.401251036673784,20.401251036673784,,41.046875,14.416649252027272
E239@h100,E239,h100,exact,qwen2_5_7b,Qwen/Qwen2.5-7B-Instruct,lovelace_h100,vllm,bf16,1,1,,512,generated_tokens_per_second,6,108.17274472892207,,1183.1690271695454,1185.5291724205017,13.866821924845377,,16.9091796875,10929.111131860409
E240@h100,E240,h100,exact,qwen2_5_7b,Qwen/Qwen2.5-7B-Instruct,lovelace_h100,vllm,bf16,1,8,,512,generated_tokens_per_second,6,756.8529922171493,,1352.4619142214458,1355.6818664073944,90.20020564397176,,17.1904296875,11630.731101305792
E241@h100,E241,h100,exact,qwen2_5_7b,Qwen/Qwen2.5-7B-Instruct-AWQ,lovelace_h100,vllm,int4,1,1,,512,generated_tokens_per_second,6,125.69211641148054,,1018.2423988978068,1020.8974659442902,26.85225009918213,,7.9892578125,7448.770100409637
E242@h100,E242,h100,exact,qwen2_5_7b,Qwen/Qwen2.5-7B-Instruct-AWQ,lovelace_h100,vllm,int4,1,8,,512,generated_tokens_per_second,6,817.2993954510594,,1252.3979544639587,1255.4522852102916,193.46859057744345,,8.3076171875,9789.026264456254
E243@h100,E243,h100,exact,qwen2_5_7b,Qwen/Qwen2.5-7B-Instruct-GPTQ-Int4,lovelace_h100,vllm,int4,1,1,,512,generated_tokens_per_second,6,119.41375401280658,,1071.6907978057861,1074.3690729141235,13.814012209574381,,7.9794921875,7013.23413855964
E244@h100,E244,h100,exact,qwen2_5_7b,Qwen/Qwen2.5-7B-Instruct-GPTQ-Int4,lovelace_h100,vllm,int4,1,8,,512,generated_tokens_per_second,6,845.4196851357625,,1210.7637921969097,1213.781088590622,86.15706364313762,,8.2958984375,8360.6808419285
E245@h100,E245,h100,exact,qwen2_5_7b,Qwen/Qwen2.5-7B-Instruct,lovelace_h100,vllm,nf4,1,1,,512,generated_tokens_per_second,3,59.976889698807305,,2134.737769762675,2140.234080950419,33.32400321960449,,8.2861328125,7113.442399845001
E246@h100,E246,h100,exact,qwen2_5_7b,Qwen/Qwen2.5-7B-Instruct,lovelace_h100,vllm,nf4,1,8,,512,generated_tokens_per_second,3,264.14800950072225,,3875.7481575012207,3882.9276164372764,122.4972407023112,,8.6884765625,12587.614167246642
E247@h100,E247,h100,exact,qwen2_5_7b_long_context,Qwen/Qwen2.5-7B-Instruct,lovelace_h100,vllm,bf16,1,1,1,4096,generated_tokens_per_second,3,100.84276451693135,,1268.6947186787922,1272.8875676790874,94.46863333384196,,16.4599609375,11738.507127237737
E248@h100,E248,h100,exact,qwen2_5_7b_long_context,Qwen/Qwen2.5-7B-Instruct,lovelace_h100,vllm,bf16,1,1,1,6144,generated_tokens_per_second,3,97.19270839715129,,1317.091941833496,1320.6289847691853,147.13104565938315,,16.7490234375,12258.604943020822
E249@h100,E249,h100,exact,qwen2_5_7b_long_context,Qwen/Qwen2.5-7B-Instruct,lovelace_h100,vllm,bf16,1,1,1,8192,generated_tokens_per_second,3,93.1948715311599,,1373.0376958847046,1375.8780996004741,197.17923800150552,,17.0380859375,12534.548755831893
E270@h100,E270,h100,exact,qwen2_5_7b,Qwen/Qwen2.5-7B-Instruct,lovelace_h100,vllm,bf16,1,1,,512,generated_tokens_per_second,3,107.85876713111732,,1186.7589950561523,1189.836283524831,13.901829719543457,,17.9228515625,11001.740055871742
E271@h100,E271,h100,exact,qwen2_5_7b,Qwen/Qwen2.5-7B-Instruct-AWQ,lovelace_h100,vllm,int4,1,1,,512,generated_tokens_per_second,3,125.16801124123064,,1022.6599375406901,1025.1025716463726,26.896119117736816,,9.0029296875,7529.0434337424
E272@h100,E272,h100,exact,qwen2_5_7b,Qwen/Qwen2.5-7B-Instruct-GPTQ-Int4,lovelace_h100,vllm,int4,1,1,,512,generated_tokens_per_second,3,119.75918761981764,,1068.8023964564006,1071.5997974077861,13.834555943806967,,8.9931640625,7039.296897689098
E273@h100,E273,h100,exact,qwen2_5_7b,Qwen/Qwen2.5-7B-Instruct,lovelace_h100,vllm,nf4,1,1,,512,generated_tokens_per_second,3,59.87037933506536,,2138.455549875895,2143.145469824473,33.36620330810547,,9.2998046875,7157.044730478213
E274@h100,E274,h100,exact,distilbert,distilbert-base-uncased,lovelace_h100,pytorch_eager,fp16,1,1,,128,input_tokens_per_second,3,77085.22649227256,602.2283319708794,1.6499014260868232,1.7028621630743146,,,0.8486328125,4265.429188395257
E275@h100,E275,h100,exact,distilbert,distilbert-base-uncased,lovelace_h100,pytorch_eager,bf16,1,1,,128,input_tokens_per_second,3,81838.09085252797,639.3600847853747,1.55386864207685,1.5933483295763533,,,0.8505859375,4265.4483661056365
E276@h100,E276,h100,exact,distilbert,distilbert-base-uncased,lovelace_h100,pytorch_eager,bf16,1,1,,512,input_tokens_per_second,3,310154.9629344269,605.7714119813025,1.640090486034751,1.6899860696867108,,,0.8544921875,5371.772458512468
