condition_id,experiment_id,platform_id,comparability,workload,throughput_unit,study_type,activation_checkpointing,micro_batch_size,gradient_accumulation_steps,effective_global_batch_size,trials,avg_throughput_tokens_sec,max_memory_used_gb,max_memory_reserved_gb,avg_step_time_ms,avg_loss
E063@h100,E063,h100,exact,gpt2_small,training_tokens_per_second,checkpointing,False,16,1,32,3,248193.65134758328,29.4814453125,28.26171875,132.0244701121313,9.606106599171957
E063@l40s,E063,l40s,exact,gpt2_small,training_tokens_per_second,checkpointing,False,16,1,32,3,90910.53222774707,28.95703125,28.26171875,360.4421009806295,9.591074148813883
E064@h100,E064,h100,exact,gpt2_small,training_tokens_per_second,checkpointing,True,16,1,32,3,163467.79968658704,14.7548828125,13.53515625,200.45386645166823,9.604049841562906
E064@l40s,E064,l40s,exact,gpt2_small,training_tokens_per_second,checkpointing,True,16,1,32,3,53313.847536517016,14.1953125,13.53515625,614.6436626464128,9.601004282633463
E065@h100,E065,h100,exact,gpt2_small,training_tokens_per_second,micro_batch,False,8,1,8,3,114402.29214796888,14.9814453125,14.248046875,71.60497200985749,5.788705031077067
E065@l40s,E065,l40s,exact,gpt2_small,training_tokens_per_second,micro_batch,False,8,1,8,3,45021.696420431974,14.7265625,14.216796875,181.95459789130837,5.834204355875651
E066@h100,E066,h100,exact,gpt2_small,training_tokens_per_second,micro_batch,False,16,1,16,3,125585.68812028847,28.2646484375,27.53125,130.4585812155468,8.332950909932455
E066@l40s,E066,l40s,exact,gpt2_small,training_tokens_per_second,micro_batch,False,16,1,16,3,45782.58321514661,28.033203125,27.5234375,357.86305526426685,8.32030200958252
E067@h100,E067,h100,exact,gpt2_small,training_tokens_per_second,micro_batch,False,32,1,32,3,131958.98341849443,55.1669921875,54.43359375,248.3174438169226,9.609109878540039
E069@h100,E069,h100,exact,gpt2_small,training_tokens_per_second,gradient_accumulation,False,16,1,32,3,243816.53487067518,29.2783203125,28.056640625,134.39421551690126,9.598770141601562
E069@l40s,E069,l40s,exact,gpt2_small,training_tokens_per_second,gradient_accumulation,False,16,1,32,3,87669.08697040279,28.685546875,27.986328125,373.7667081753413,9.59148677190145
E070@h100,E070,h100,exact,gpt2_small,training_tokens_per_second,gradient_accumulation,False,16,2,64,3,250518.58027636367,32.3466796875,31.125,261.5995267312974,9.466394503911337
E070@l40s,E070,l40s,exact,gpt2_small,training_tokens_per_second,gradient_accumulation,False,16,2,64,3,90928.02128122619,31.75390625,31.0546875,720.7438877255967,9.45537273089091
E071@h100,E071,h100,exact,gpt2_small,training_tokens_per_second,gradient_accumulation,False,16,4,128,3,254288.72961183396,32.3466796875,31.125,515.4440016516795,9.357453306516012
E071@l40s,E071,l40s,exact,gpt2_small,training_tokens_per_second,gradient_accumulation,False,16,4,128,3,92605.44288419573,31.75390625,31.0546875,1415.3843006895233,9.343903144200643
E072@h100,E072,h100,exact,gpt2_small,training_tokens_per_second,gradient_accumulation,False,16,8,256,3,255885.69015904446,32.3466796875,31.125,1024.4563899685938,9.284429589907328
E072@l40s,E072,l40s,exact,gpt2_small,training_tokens_per_second,gradient_accumulation,False,16,8,256,3,93408.92193753376,31.75390625,31.0546875,2806.4203294568383,9.266295671463013
E073@h100,E073,h100,exact,distilbert,training_tokens_per_second,checkpointing,False,32,1,64,3,1280241.096580525,5.6083984375,4.296875,25.593953737212967,0.0009505748748779297
E073@l40s,E073,l40s,exact,distilbert,training_tokens_per_second,checkpointing,False,32,1,64,3,497008.54606913665,4.943359375,4.25,65.92879615258425,0.0022726853688557944
E074@h100,E074,h100,exact,distilbert,training_tokens_per_second,checkpointing,True,32,1,64,3,965597.79118599,3.4013671875,2.18359375,33.933673788172506,0.0015758226315180461
E074@l40s,E074,l40s,exact,distilbert,training_tokens_per_second,checkpointing,True,32,1,64,3,206706.38696653422,2.888671875,2.23046875,158.54774770482132,0.010063370068868002
E075@h100,E075,h100,exact,distilbert,training_tokens_per_second,micro_batch,False,8,1,8,3,347379.9439205207,2.6044921875,1.87109375,11.789888401981443,0.001036246617635091
E075@l40s,E075,l40s,exact,distilbert,training_tokens_per_second,micro_batch,False,8,1,8,3,200226.50119652133,2.330078125,1.8203125,20.45509358247121,0.0009493827819824219
E076@h100,E076,h100,exact,distilbert,training_tokens_per_second,micro_batch,False,16,1,16,3,538597.2781494693,3.4560546875,2.72265625,15.208649084282419,0.001707315444946289
E076@l40s,E076,l40s,exact,distilbert,training_tokens_per_second,micro_batch,False,16,1,16,3,259421.4834586326,3.1953125,2.685546875,31.57615336123854,0.0021645228068033853
E077@h100,E077,h100,exact,distilbert,training_tokens_per_second,micro_batch,False,32,1,32,3,687524.6055672806,5.2294921875,4.49609375,23.82888510202368,0.0028220017751057944
E077@l40s,E077,l40s,exact,distilbert,training_tokens_per_second,micro_batch,False,32,1,32,3,281813.92002392234,4.935546875,4.42578125,58.13808826419214,0.0019378264745076497
E078@h100,E078,h100,exact,distilbert,training_tokens_per_second,micro_batch,False,64,1,64,3,792307.0493160523,8.4013671875,7.66796875,41.35606873935709,0.22736728191375732
E078@l40s,E078,l40s,exact,distilbert,training_tokens_per_second,micro_batch,False,64,1,64,3,277956.6941198655,8.080078125,7.5703125,117.88718148445089,0.0010291735331217449
E079@h100,E079,h100,exact,distilbert,training_tokens_per_second,gradient_accumulation,False,32,1,64,3,1259412.5426943891,6.2509765625,5.029296875,26.01719222574805,0.0011192460854848225
E079@l40s,E079,l40s,exact,distilbert,training_tokens_per_second,gradient_accumulation,False,32,1,64,3,471522.304506791,5.658203125,4.958984375,69.49178133780758,0.000752041737238566
E080@h100,E080,h100,exact,distilbert,training_tokens_per_second,gradient_accumulation,False,32,2,128,3,1363279.0124333913,6.2509765625,5.029296875,48.070884892561786,0.0018583064277966816
E080@l40s,E080,l40s,exact,distilbert,training_tokens_per_second,gradient_accumulation,False,32,2,128,3,546251.6000379795,5.658203125,4.958984375,119.97155390835057,0.0011760989824930828
E081@h100,E081,h100,exact,distilbert,training_tokens_per_second,gradient_accumulation,False,32,4,256,3,1428006.7392482692,6.2509765625,5.029296875,91.78537225505958,0.0008600801229476929
E081@l40s,E081,l40s,exact,distilbert,training_tokens_per_second,gradient_accumulation,False,32,4,256,3,591952.4283138214,5.658203125,4.958984375,221.42210408269116,0.0007527731359004974
E082@h100,E082,h100,exact,distilbert,training_tokens_per_second,gradient_accumulation,False,32,8,512,3,1464957.6278010558,6.2509765625,5.029296875,178.94169714457044,0.0007095920542875925
E082@l40s,E082,l40s,exact,distilbert,training_tokens_per_second,gradient_accumulation,False,32,8,512,3,616223.4063360713,5.658203125,4.958984375,425.4089500910292,0.0008413717150688171
E201@l40s,E201,l40s,capacity_adjusted,gpt2_small,training_tokens_per_second,micro_batch,False,20,1,20,3,45538.428833344755,34.75,34.240234375,449.72838785499334,8.775288263956705
E202@l40s,E202,l40s,capacity_adjusted,gpt2_small,training_tokens_per_second,micro_batch,False,24,1,24,3,44994.10469977385,41.38671875,40.876953125,546.2051612852762,9.153135935465494
E205@l40s,E205,l40s,capacity_adjusted,gpt2_small,training_tokens_per_second,micro_batch,False,25,1,25,3,45010.57491766438,43.103515625,42.59375,568.7531578090662,9.189576148986816
E258@h100,E258,h100,capacity_adjusted,gpt2_small,training_tokens_per_second,micro_batch,False,40,1,40,3,133553.47350134907,68.4267578125,67.693359375,306.691425506336,9.860239346822103
E259@h100,E259,h100,capacity_adjusted,gpt2_small,training_tokens_per_second,micro_batch,False,48,1,48,1,135226.08083580784,77.0087890625,76.275390625,363.47714486997575,10.07280445098877
E260@h100,E260,h100,capacity_adjusted,gpt2_small,training_tokens_per_second,micro_batch,False,48,1,48,3,135265.6595211376,77.0087890625,76.275390625,363.3715711394325,10.07231076558431
