platform_id,comparability,phase,priority,mode,workload,throughput_unit,experiments,completed,failed,total_runtime_seconds,avg_runtime_seconds,avg_throughput_tokens_sec,avg_throughput_samples_sec,avg_gpu_utilization,max_memory_used_gb,estimated_gpu_hours,actual_gpu_hours,energy_joules
h100,capacity_adjusted,Memory optimisation,Supplemental,training,gpt2_small,training_tokens_per_second,7,7,0,310.70948428753763,44.387069183933946,134526.21141475256,131.3732533347193,99.66417758140142,77.0087890625,2.6,0.06593563894844717,127818.3540567854
h100,capacity_adjusted,Strong scaling,Supplemental,training,gpt2_small,training_tokens_per_second,3,3,0,182.96799884503707,60.98933294834569,132882.49574303182,129.7680622490545,99.4255137184199,55.1669921875,1.7999999999999998,0.041098971815857414,79537.79432959904
h100,exact,Baseline profiling,Must Have,inference,distilbert,input_tokens_per_second,6,6,0,69.5211661180947,11.58686101968245,81045.59029064681,633.1686741456782,4.666666666666667,0.8505859375,2.6999999999999997,0.000263241116125654,105.35093263453919
h100,exact,Baseline profiling,Must Have,inference,gpt2_small,generated_tokens_per_second,6,6,0,322.71060073410627,53.78510012235105,291.8167677325874,,37.97302146034528,0.9775390625,2.6999999999999997,0.07310807288139283,36854.70908323563
h100,exact,Baseline profiling,Must Have,inference,tinyllama,generated_tokens_per_second,6,6,0,780.7458333410323,130.12430555683872,111.53643500714794,,51.62908017569557,2.8466796875,2.6999999999999997,0.19127091351337083,114474.39823864031
h100,exact,Baseline profiling,Must Have,training,distilbert,training_tokens_per_second,6,6,0,61.39333111396991,10.232221852328317,689787.6305755406,1347.2414659678527,95.53417508417509,5.2294921875,5.1000000000000005,0.003958726260558857,6975.685371380057
h100,exact,Baseline profiling,Must Have,training,gpt2_small,training_tokens_per_second,6,6,0,143.81874232401606,23.96979038733601,125679.60189017467,122.7339862208737,98.90512144505855,28.2646484375,5.1000000000000005,0.021727282178633484,40811.56423590748
h100,exact,Baseline profiling,Should Have,training,tinyllama,training_tokens_per_second,6,6,0,134.62678086571395,22.437796810952324,29613.638471464907,28.919568819789948,98.51326444642679,26.7822265625,7.5,0.023052613046084944,46957.56656578861
h100,exact,Data movement,Must Have,training,distilbert,training_tokens_per_second,12,12,0,115.9520027525723,9.662666896047691,684561.6376472343,1337.0344485297544,87.95092592592592,5.2294921875,4.8,0.00797790071804128,12773.54426729734
h100,exact,Data movement,Must Have,training,gpt2_small,training_tokens_per_second,12,12,0,251.6475166969467,20.970626391412225,125457.18502195047,122.5167822479985,90.50392711178876,28.2646484375,4.8,0.043531488425990875,74233.84277925374
h100,exact,Data movement,Should Have,training,distilbert,training_tokens_per_second,12,12,0,113.87397953029722,9.489498294191435,679667.5126771429,1327.4756106975447,87.08375420875421,5.2294921875,4.8,0.008036392784625705,12894.788926797046
h100,exact,Data movement,Should Have,training,gpt2_small,training_tokens_per_second,12,12,0,254.18210019613616,21.181841683011346,125226.92533875369,122.29191927612665,82.3393605870021,28.2646484375,4.8,0.04361194668156612,69352.9551078435
h100,exact,Distributed training strategy,Must Have,training,distilbert,training_tokens_per_second,12,12,0,174.59412355383392,14.549510296152826,1946183.8717993351,3801.1403746080764,94.88715277777777,6.5810546875,21.599999999999994,0.025280065635646068,43318.44798890194
h100,exact,Distributed training strategy,Must Have,training,gpt2_small,training_tokens_per_second,12,12,0,312.07485796906985,26.006238164089154,370831.1565407003,362.13980130927763,98.55535718309397,29.6083984375,21.599999999999994,0.13256571371780915,246430.4434097761
h100,exact,Distributed training strategy,Optional,training,distilbert,training_tokens_per_second,3,3,0,55.93913763505407,18.64637921168469,627027.431712986,1224.6629525644257,50.1063596491228,6.0712890625,3.5999999999999996,0.008710294201672594,9390.96949495464
h100,exact,Distributed training strategy,Optional,training,gpt2_small,training_tokens_per_second,3,3,0,82.03940920601599,27.346469735338662,265114.3616819169,258.900743829997,86.82113821138212,26.0380859375,3.5999999999999996,0.020600011598823284,33396.32120396255
h100,exact,Distributed training strategy,Should Have,training,distilbert,training_tokens_per_second,9,9,0,131.67826869594865,14.630918743994293,1211704.6491122402,2366.610642797344,93.89473104056438,6.2548828125,10.799999999999999,0.013542437683273519,20743.379754940666
h100,exact,Distributed training strategy,Should Have,training,gpt2_small,training_tokens_per_second,9,9,0,226.21900217200164,25.13544468577796,276429.77040910063,269.95094766513733,98.0252521830774,29.4814453125,10.799999999999999,0.05959548096851601,105245.9201129864
h100,exact,Hardware comparison,Must Have,training,distilbert,training_tokens_per_second,3,3,0,28.2703973967582,9.4234657989194,687746.2458399637,1343.254386406179,96.4787878787879,5.2294921875,2.4000000000000004,0.001985231055554727,3423.104034087951
h100,exact,Hardware comparison,Must Have,training,gpt2_small,training_tokens_per_second,3,3,0,73.05649488605559,24.35216496201853,125756.81138768086,122.8093861207821,99.17348484848485,28.2646484375,2.4000000000000004,0.010856935859515538,19820.211941667232
h100,exact,Hardware comparison,Should Have,inference,distilbert,input_tokens_per_second,3,3,0,20.42978016519919,6.8099267217330635,80686.17995280061,630.3607808812548,9.074074074074074,0.8505859375,1.5,0.00013220883136252974,34.117327073781055
h100,exact,Hardware comparison,Should Have,inference,gpt2_small,generated_tokens_per_second,3,3,0,161.70896058529615,53.902986861765385,289.80396373226927,,37.76827821930238,0.9775390625,1.5,0.0368067343780745,17739.589108725144
h100,exact,Inference batching,Must Have,inference,distilbert,input_tokens_per_second,9,9,0,65.36497403983958,7.262774893315509,508559.40315112367,3973.1203371181537,7.040740740740741,0.8896484375,3.5999999999999996,0.00041913889057468626,124.87609820601297
h100,exact,Inference batching,Must Have,inference,gpt2_small,generated_tokens_per_second,9,9,0,593.5442530328874,65.9493614480986,2204.9385534149847,,33.32813639835799,72.4345703125,3.5999999999999996,0.09722406404383946,46907.03774109254
h100,exact,Inference batching,Must Have,inference,tinyllama,generated_tokens_per_second,9,9,0,829.2914353222586,92.14349281358429,1283.7055493734451,,43.940928646707036,72.4931640625,4.5,0.1650390697937433,113169.54570883849
h100,exact,Inference batching,Should Have,inference,distilbert,input_tokens_per_second,9,9,0,65.26896830438636,7.252107589376262,997062.8458492801,7789.553483197501,13.666666666666666,0.9345703125,3.5999999999999996,0.0004241762559912685,173.62460436096416
h100,exact,Inference batching,Should Have,inference,gpt2_small,generated_tokens_per_second,9,9,0,607.9204823162872,67.54672025736525,4234.584623687131,,34.34811012471334,72.4365234375,3.5999999999999996,0.10134610597716852,50476.26372397797
h100,exact,Inference batching,Should Have,inference,tinyllama,generated_tokens_per_second,9,9,0,865.5160489331465,96.16844988146073,2495.4705910511516,,42.53757526459085,72.4912109375,4.5,0.17520575619871834,119042.67450780861
h100,exact,Inference concurrency,Must Have,inference,distilbert,input_tokens_per_second,9,9,0,70.11508179083467,7.790564643426074,80293.36522747594,627.2919158396558,22.362962962962964,2.0087890625,3.5999999999999996,0.0017286531081319684,777.1738417533111
h100,exact,Inference concurrency,Must Have,inference,gpt2_small,generated_tokens_per_second,9,9,0,594.901115222834,66.10012391364823,1397.4165789294925,,32.84263879664629,72.4345703125,3.5999999999999996,0.09655601188488717,45868.27105936659
h100,exact,Inference concurrency,Must Have,inference,tinyllama,generated_tokens_per_second,9,9,0,839.8647406969685,93.3183045218854,814.8647561817274,,44.210372269371106,72.4912109375,4.5,0.16341894658657513,111871.13377870017
h100,exact,Inference concurrency,Should Have,inference,distilbert,input_tokens_per_second,6,6,0,53.088521943893284,8.84808699064888,78789.86363930737,615.5458096820888,27.965151515151515,2.0087890625,2.4,0.0023882425458092863,1162.2111663989665
h100,exact,Inference concurrency,Should Have,inference,gpt2_small,generated_tokens_per_second,6,6,0,397.61190492426977,66.26865082071163,2821.2881977018583,,34.12987114478405,72.4326171875,2.4,0.06634988104989235,32066.21202625319
h100,exact,Inference concurrency,Should Have,inference,tinyllama,generated_tokens_per_second,6,6,0,585.0325312500354,97.5054218750059,1634.6191644922083,,43.03558264487853,72.4931640625,3.0,0.11569432016863075,76938.02660451147
h100,exact,Inference energy anchors,Supplemental,inference,distilbert,input_tokens_per_second,9,9,0,364.7734601437114,40.53038446041238,156359.42675974246,615.7866095791856,33.6638762308564,0.8544921875,0.44999999999999996,0.0750020859656959,41707.950039040086
h100,exact,Inference framework,Must Have,inference,distilbert,input_tokens_per_second,3,3,0,22.200844818726182,7.400281606242061,81216.49145903849,634.5038395237382,6.0,0.8505859375,1.7999999999999998,0.00013134785138794945,51.03222868129727
h100,exact,Inference framework,Must Have,inference,gpt2_small,generated_tokens_per_second,6,6,0,354.4939369838685,59.08232283064475,323.26416998721703,,35.4669378923201,72.4326171875,3.6,0.0667045898774975,31767.348059226744
h100,exact,Inference framework,Must Have,inference,tinyllama,generated_tokens_per_second,6,6,0,637.3467294217553,106.22445490362588,166.84485846130377,,49.18637484826869,72.4912109375,4.8,0.1431257920872627,88729.92294362355
h100,exact,Inference long-context prompt length,Must Have,inference,qwen2_5_7b_long_context,generated_tokens_per_second,9,9,0,543.8073621578515,60.42304023976127,97.07678148174752,,81.85917075348907,17.0380859375,6.3,0.0758090128931993,109594.98247827137
h100,exact,Inference multi-GPU,Should Have,inference,distilbert,input_tokens_per_second,6,6,0,61.96528437291272,10.327547395485453,34287.948924404285,267.8746009719085,3.6666666666666665,1.3349609375,7.199999999999999,0.0018651410986462401,550.9213434538432
h100,exact,Inference multi-GPU,Should Have,inference,gpt2_small,generated_tokens_per_second,6,6,0,521.7615119707771,86.96025199512951,271.1302476727205,,45.19032568058483,72.5986328125,7.199999999999999,0.23717068111756817,120088.87597449459
h100,exact,Inference multi-GPU,Should Have,inference,tinyllama,generated_tokens_per_second,6,6,0,685.2123249359429,114.20205415599048,170.72215671227005,,51.056863357444065,72.5791015625,7.199999999999999,0.3743817138398946,216871.8974625003
h100,exact,Inference precision/quantization,Must Have,inference,distilbert,input_tokens_per_second,6,6,0,66.90446853497997,11.150744755829995,78871.95515658961,616.1871496608563,7.508771929824562,0.8505859375,3.0,0.00027068443305324765,89.75494092261653
h100,exact,Inference precision/quantization,Must Have,inference,gpt2_small,generated_tokens_per_second,6,6,0,337.28139630286023,56.21356605047671,279.1426548698711,,36.29440684913806,0.9775390625,3.0,0.07655517249859661,36698.45030980595
h100,exact,Inference precision/quantization,Must Have,inference,qwen2_5_7b,generated_tokens_per_second,36,36,0,2043.1692496333271,56.75470137870353,462.1417813261967,,63.10468347947012,17.1904296875,18.0,0.3058784533542995,331029.3214711213
h100,exact,Inference precision/quantization,Must Have,inference,tinyllama,generated_tokens_per_second,6,6,0,803.9825935577974,133.99709892629957,107.19147990804225,,50.18801129448324,2.8466796875,3.0,0.19934543228494778,111581.87193430579
h100,exact,Inference precision/quantization,Should Have,inference,gpt2_small,generated_tokens_per_second,3,3,0,216.00163450394757,72.00054483464919,282.7228799026039,,30.434273308703855,72.5517578125,1.5,0.03773055130525285,16335.920468200396
h100,exact,Inference precision/quantization,Should Have,inference,qwen2_5_7b,generated_tokens_per_second,6,6,0,397.00245277490467,66.1670754624841,162.0624495997648,,64.012023105758,8.6884765625,3.0,0.05192549605103623,59103.169701274936
h100,exact,Inference precision/quantization,Should Have,inference,tinyllama,generated_tokens_per_second,3,3,0,289.6626945717726,96.5542315239242,181.17046364229031,,37.91445187662579,72.4482421875,1.5,0.05887742541672196,30097.90987840633
h100,exact,Inference prompt length,Must Have,inference,distilbert,input_tokens_per_second,6,6,0,45.69397263112478,7.615662105187464,101526.35325962183,639.3956190538601,2.0,0.8505859375,2.4,0.0002607146221109563,103.83705644629664
h100,exact,Inference prompt length,Must Have,inference,gpt2_small,generated_tokens_per_second,6,6,0,388.10469232173637,64.68411538695607,353.3159472197896,,33.573377062920656,72.4365234375,2.4,0.060384504249474655,29160.86142525897
h100,exact,Inference prompt length,Must Have,inference,tinyllama,generated_tokens_per_second,6,6,0,515.595495585585,85.9325825975975,220.44521198630764,,46.782288477706295,72.4912109375,3.0,0.09678102130497185,71305.59229806327
h100,exact,Inference prompt length,Should Have,inference,distilbert,input_tokens_per_second,6,6,0,45.51207371847704,7.585345619746174,193573.04576967945,611.9545213416119,6.0249999999999995,0.8544921875,2.4,0.0002724810967144246,90.88154616551824
h100,exact,Inference prompt length,Should Have,inference,gpt2_small,generated_tokens_per_second,6,6,0,378.1492605134845,63.024876752247415,355.8684604474893,,33.6436951981289,72.4345703125,2.4,0.05995173753556123,29032.573375269756
h100,exact,Inference prompt length,Should Have,inference,tinyllama,generated_tokens_per_second,6,6,0,513.4892481341958,85.5815413556993,221.44954969422864,,47.996218895447534,72.4892578125,3.0,0.09633752233691566,71395.41939287452
h100,exact,Low-bit quality robustness,Must Have,inference,qwen2_5_7b,generated_tokens_per_second,12,12,0,762.0012704012915,63.5001058667743,103.16408633180775,,57.75392042557332,17.9228515625,1.2,0.10264325455076889,98181.37535334434
h100,exact,Memory optimisation,Must Have,training,distilbert,training_tokens_per_second,12,12,0,128.89536963426508,10.741280802855423,867990.1928708162,1695.293345450813,92.25419973544973,5.6083984375,9.599999999999998,0.013175158627370061,22049.99460418574
h100,exact,Memory optimisation,Must Have,training,gpt2_small,training_tokens_per_second,12,12,0,341.7112181778066,28.475934848150548,167301.53064323834,163.38040101878744,98.65797582169888,55.1669921875,9.599999999999998,0.08697859738772319,159343.73465533898
h100,exact,Memory optimisation,Optional,training,distilbert,training_tokens_per_second,6,6,0,127.76131880283356,21.29355313380559,1414118.3201172233,2761.949843978952,97.08268168378464,6.2509765625,4.2,0.037835915792707564,76786.72167999868
h100,exact,Memory optimisation,Optional,training,gpt2_small,training_tokens_per_second,6,6,0,462.703485020902,77.11724750348367,253202.1352177041,247.26771017353917,98.96891679316496,32.3466796875,4.2,0.21434324558513862,401142.5306484564
h100,exact,Memory optimisation,Should Have,training,distilbert,training_tokens_per_second,12,12,0,151.2249125323724,12.602076044364367,956776.5687948079,1868.7042359273592,92.71446687882144,8.4013671875,7.800000000000001,0.024063299566365052,46151.542055612896
h100,exact,Memory optimisation,Should Have,training,gpt2_small,training_tokens_per_second,9,9,0,308.9298655260354,34.325540614003934,204169.18554349264,199.38397025731703,98.46137482152439,32.3466796875,6.000000000000001,0.11427428099766582,211431.47508715733
h100,exact,Precision study,Must Have,inference,distilbert,input_tokens_per_second,6,6,0,64.69431658298708,10.782386097164514,78677.56367302824,614.6684661955331,3.018421052631579,0.8505859375,3.0,0.00027147667954624115,34.186478452988666
h100,exact,Precision study,Must Have,inference,gpt2_small,generated_tokens_per_second,6,6,0,331.9052612592932,55.31754354321553,280.46189376634663,,36.57601249205021,0.9775390625,3.0,0.07615841732198733,36584.39635336696
h100,exact,Precision study,Must Have,training,distilbert,training_tokens_per_second,9,9,0,113.61016957415268,12.623352174905854,497069.1754606361,970.8382333215549,96.55077389541674,6.6630859375,7.199999999999999,0.013678360438077818,27914.445614936743
h100,exact,Precision study,Must Have,training,gpt2_small,training_tokens_per_second,9,9,0,264.97431456833147,29.441590507592384,98097.38419019253,95.7982267482349,99.1052507197299,34.0048828125,7.199999999999999,0.051541858631147394,106511.8585388857
h100,exact,Precision study,Should Have,training,distilbert,training_tokens_per_second,6,6,0,43.043385420925915,7.1738975701543195,717419.2634521545,1401.2094989299892,83.18888888888888,4.4619140625,4.8,0.003814176313980069,5947.473210213662
h100,exact,Precision study,Should Have,training,gpt2_small,training_tokens_per_second,6,6,0,101.85600846237503,16.97600141039584,148081.4169041457,144.6107586954548,98.25954585537919,27.8564453125,4.8,0.018756445878663926,33892.50546813054
h100,exact,Strong scaling,Must Have,training,distilbert,training_tokens_per_second,9,9,0,144.76115564303473,16.08457284922608,1635462.591791962,3194.262874593676,97.05615079365079,14.5947265625,11.4,0.022191334842354988,44119.27142104467
h100,exact,Strong scaling,Must Have,training,gpt2_small,training_tokens_per_second,6,6,0,191.2514544489095,31.875242408151582,374307.0037969214,365.53418339543106,98.83561985194974,56.0166015625,9.0,0.08675633699756063,167176.71403233503
h100,exact,Strong scaling,Optional,training,tinyllama,training_tokens_per_second,9,9,0,358.78427563165314,39.86491951462813,71102.41046094817,69.4359477157697,98.72458585578352,65.4853515625,13.8,0.12571072763090746,275017.81292781164
h100,exact,Weak scaling,Must Have,training,distilbert,training_tokens_per_second,9,9,0,115.91478421515785,12.879420468350872,1495865.5236994533,2921.612350975495,94.58024691358025,6.5810546875,11.4,0.014921041700064152,25891.476880732404
h100,exact,Weak scaling,Must Have,training,gpt2_small,training_tokens_per_second,9,9,0,220.8678150898777,24.540868343319744,285831.26656974154,279.1320962595132,98.56738911260419,29.6083984375,11.4,0.07802791906983152,146222.66885754647
h100,exact,Workload characterisation,Must Have,training,distilbert,training_tokens_per_second,9,9,0,163.2620460158214,18.140227335091268,675603.0101650679,1319.5371292286482,90.25740740740741,5.2431640625,5.7,0.003034536394730417,4451.750898784784
h100,exact,Workload characterisation,Must Have,training,gpt2_small,training_tokens_per_second,9,9,0,285.0935957239708,31.67706619155231,125315.09643824359,122.37802386547226,98.91269841269842,28.2783203125,5.7,0.016343424044187288,30384.34800615737
h100,exact,Workload characterisation,Must Have,training,tinyllama,training_tokens_per_second,9,9,0,521.4395525061991,57.937728056244346,29436.859425236355,28.746933032457378,98.2894818463784,26.7958984375,5.7,0.017394597318327414,35899.01062117274
h100,exact,Workload characterisation,Should Have,inference,distilbert,input_tokens_per_second,3,3,0,21.201415300020017,7.067138433340006,81430.95994462026,636.1793745673458,10.0,0.8505859375,1.5,0.00013102142305190985,51.93252176369423
h100,exact,Workload characterisation,Should Have,inference,gpt2_small,generated_tokens_per_second,3,3,0,165.59861763590015,55.199539211966716,289.25973602858886,,37.80161875670573,0.9775390625,1.5,0.03687588478053738,18626.38425850218
h100,exact,Workload characterisation,Should Have,inference,tinyllama,generated_tokens_per_second,3,3,0,386.4696118711727,128.82320395705756,112.01577109830714,,51.60625182715432,2.8466796875,1.5,0.09522517172555026,56730.062846425906
h100,platform_specific,Communication analysis,Must Have,training,distilbert,training_tokens_per_second,12,12,0,920.452111060964,76.70434258841367,1724629.0765886197,3368.416165212148,87.05784932659931,6.3583984375,14.399999999999999,0.02853795318954831,46156.66319609455
h100,platform_specific,Communication analysis,Must Have,training,gpt2_small,training_tokens_per_second,12,12,0,1571.6380165512674,130.9698347126056,365487.41845106,356.9213070811133,98.03641522166895,29.6201171875,14.399999999999999,0.13450229556131593,247326.21121726028
h100,platform_specific,Environment validation,Must Have,inference,environment_validation,generated_tokens_per_second,1,1,0,21.432914161821827,21.432914161821827,245.24840703665578,,0.6,71.9375,0.5,2.265276917670336e-06,0
h100,platform_specific,Environment validation,Must Have,training,environment_validation,,4,4,0,33.4771345340414,8.36928363351035,,,0.3350694444444444,1.3154296875,2.5,0,0
h100,platform_specific,Environment validation,Should Have,training,environment_validation,,1,1,0,19.131747125065885,19.131747125065885,,,1.5,2.2705078125,0.5,0,90.7979909396253
h100,platform_specific,Large-model distributed strategy,Must Have,training,qwen2_5_7b_training,training_tokens_per_second,14,14,0,649.5287862466648,46.394913303333205,5304.339964067037,10.360038992318431,87.06039275602384,77.4384765625,9.2,0.19472730641486127,269282.1586904497
h100,platform_specific,Large-model training update controls,Must Have,training,qwen2_5_7b_training,training_tokens_per_second,8,8,0,359.78716474818066,44.97339559352258,7186.236830756174,14.035618810070652,89.03369675874973,62.1083984375,0.7999999999999999,0.11634687549615694,171629.0782707643
h100,platform_specific,Telemetry revalidation,Supplemental,inference,gpt2_small,generated_tokens_per_second,3,3,0,161.0803874938283,53.69346249794277,290.49930580790755,,37.85552744708401,0.9775390625,1.7999999999999998,0.03672091127612576,17782.35665509919
h100,platform_specific,Telemetry revalidation,Supplemental,training,gpt2_small,training_tokens_per_second,12,12,0,915.0067050519865,76.2505587543322,212565.8378455576,207.58382602105235,98.3060452755409,29.2919921875,10.800000000000002,0.07870126924063596,143159.44636393004
h100,platform_specific,Training update validation,Must Have,training,qwen2_5_7b_training,training_tokens_per_second,2,2,0,71.9710251330398,35.9855125665199,3706.645689796319,7.2395423628834354,93.47501072501072,77.4384765625,0.2,0.010728424959298637,14250.1134969813
l40s,capacity_adjusted,Memory optimisation,Supplemental,training,gpt2_small,training_tokens_per_second,9,9,0,600.7896837308072,66.75440930342302,45181.036150260996,44.122105615489254,88.11265956635452,43.103515625,5.3999999999999995,0.1303912415581807,0
l40s,capacity_adjusted,Strong scaling,Supplemental,training,tinyllama,training_tokens_per_second,6,6,0,1002.3883023164235,167.06471705273725,12230.747739330918,11.94408958919035,92.14722393193331,30.810546875,8.1,0.3279982589476277,0
l40s,exact,Baseline profiling,Must Have,inference,distilbert,input_tokens_per_second,6,6,0,59.762127850204706,9.960354641700784,92195.2335193272,720.2752618697438,0.8405982905982906,0.650390625,2.6999999999999997,0.00023139670646438995,0
l40s,exact,Baseline profiling,Must Have,inference,gpt2_small,generated_tokens_per_second,6,6,0,318.5608829581179,53.09348049301965,289.2455104086609,,28.673797524623144,0.861328125,2.6999999999999997,0.07377524111342307,0
l40s,exact,Baseline profiling,Must Have,inference,tinyllama,generated_tokens_per_second,6,6,0,746.9044382153079,124.48407303588465,116.57012123305655,,57.47422864816614,2.697265625,2.6999999999999997,0.18301923478280918,0
l40s,exact,Baseline profiling,Must Have,training,distilbert,training_tokens_per_second,6,6,0,83.75354014104232,13.958923356840387,283938.78322119784,554.567935978902,61.45739251949806,4.935546875,5.1000000000000005,0.009617184474934927,0
l40s,exact,Baseline profiling,Must Have,training,gpt2_small,training_tokens_per_second,6,6,0,272.817506082356,45.46958434705933,45798.01650196898,44.72462549020408,94.70101730708615,28.033203125,5.1000000000000005,0.05962428082401553,0
l40s,exact,Baseline profiling,Should Have,training,tinyllama,training_tokens_per_second,6,6,0,421.58073178492486,70.26345529748748,10752.61361097393,10.500599229466728,60.445451494468834,26.53515625,7.5,0.06348910543886531,0
l40s,exact,Data movement,Must Have,training,distilbert,training_tokens_per_second,12,12,0,197.75725503778085,16.479771253148403,282199.0494745237,551.1700185049291,31.130233886483882,4.935546875,4.8,0.019353060027092903,0
l40s,exact,Data movement,Must Have,training,gpt2_small,training_tokens_per_second,12,12,0,591.8468511644751,49.320570930372924,45750.20210801472,44.67793174610812,71.72743829776026,28.033203125,4.8,0.11937309043287923,0
l40s,exact,Data movement,Should Have,training,distilbert,training_tokens_per_second,12,12,0,182.29153361357749,15.190961134464791,281140.9373422255,549.1033932465342,38.30810519889467,4.935546875,4.8,0.019426959827930353,0
l40s,exact,Data movement,Should Have,training,gpt2_small,training_tokens_per_second,12,12,0,578.3516783406958,48.19597319505798,45705.8256717881,44.63459538260557,49.58560123389236,28.033203125,4.8,0.11948938650182553,0
l40s,exact,Distributed training strategy,Must Have,training,distilbert,training_tokens_per_second,18,18,0,359.33606314938515,19.963114619410288,955284.4515855121,1865.7899445029534,82.83487744400094,5.658203125,50.399999999999984,0.19053587803591251,145554.03395720624
l40s,exact,Distributed training strategy,Must Have,training,gpt2_small,training_tokens_per_second,18,18,0,922.571942971088,51.25399683172711,205056.34243821507,200.2503344123194,95.55077904895707,28.95703125,50.399999999999984,0.8704794784912114,714975.3682239854
l40s,exact,Distributed training strategy,Optional,training,distilbert,training_tokens_per_second,3,3,0,63.048683799337596,21.016227933112532,512000.0129244725,1000.0000252431104,45.30947018447018,5.55078125,3.5999999999999996,0.01066667222728332,0
l40s,exact,Distributed training strategy,Optional,training,gpt2_small,training_tokens_per_second,3,3,0,139.99408229114488,46.66469409704829,125642.92876004415,122.69817261723061,74.42126117609989,25.431640625,3.5999999999999996,0.04346730790747744,0
l40s,exact,Distributed training strategy,Should Have,training,distilbert,training_tokens_per_second,9,9,0,212.6560265040025,23.628447389333612,510632.02239934885,997.3281687487282,58.476750249085654,5.728515625,10.799999999999999,0.03209275315231126,0
l40s,exact,Distributed training strategy,Should Have,training,gpt2_small,training_tokens_per_second,9,9,0,415.61795845162123,46.17977316129125,111928.96123564469,109.30562620668427,80.62073327769504,28.95703125,10.799999999999999,0.14926567713730035,0
l40s,exact,Hardware comparison,Should Have,inference,distilbert,input_tokens_per_second,3,3,0,33.91188712604344,11.303962375347814,92126.79716233995,719.7406028307809,1.2857142857142856,0.650390625,1.5,0.0001157869824156579,0
l40s,exact,Hardware comparison,Should Have,inference,gpt2_small,generated_tokens_per_second,3,3,0,180.28395998151973,60.09465332717324,288.7878168691862,,26.005248248235247,0.796875,1.5,0.036941202984113866,0
l40s,exact,Hardware comparison,Should Have,training,distilbert,training_tokens_per_second,3,3,0,51.849473875015974,17.28315795833866,282559.8543111072,551.8747154513812,47.48148148148149,4.935546875,2.4000000000000004,0.004832059546735965,0
l40s,exact,Hardware comparison,Should Have,training,gpt2_small,training_tokens_per_second,3,3,0,152.91137720504776,50.97045906834925,45827.24185801865,44.75316587697134,84.13175105485232,28.033203125,2.4000000000000004,0.02979312653692129,0
l40s,exact,Inference batching,Must Have,inference,distilbert,input_tokens_per_second,9,9,0,94.56816780101508,10.507574200112787,612685.7356530296,4786.607309789294,0.6897774958119787,0.689453125,3.5999999999999996,0.0003604515547501958,0
l40s,exact,Inference batching,Must Have,inference,gpt2_small,generated_tokens_per_second,9,9,0,617.2548025143333,68.58386694603703,2378.2757703420625,,19.53125436286765,41.021484375,3.5999999999999996,0.09089417449923023,0
l40s,exact,Inference batching,Must Have,inference,tinyllama,generated_tokens_per_second,9,9,0,867.4505588691682,96.38339542990758,1348.0826686268338,,57.22141453251038,41.04296875,4.5,0.16085006346214667,0
l40s,exact,Inference batching,Should Have,inference,distilbert,input_tokens_per_second,9,9,0,83.24351804843172,9.24927978315908,808813.5843278335,6318.856127561199,2.3700142450142447,0.734375,3.5999999999999996,0.0004621476390295558,0
l40s,exact,Inference batching,Should Have,inference,gpt2_small,generated_tokens_per_second,9,9,0,618.4087132839486,68.71207925377206,4576.69967758061,,21.92122821841336,41.021484375,3.5999999999999996,0.09450105448137036,0
l40s,exact,Inference batching,Should Have,inference,tinyllama,generated_tokens_per_second,9,9,0,897.0240164110437,99.66933515678264,2517.9238120368595,,60.257050666848485,41.04296875,4.5,0.17021905634539305,0
l40s,exact,Inference concurrency,Must Have,inference,distilbert,input_tokens_per_second,9,9,0,93.43798872129992,10.381998746811101,90375.18128719782,706.056103806233,5.395833333333333,1.416015625,3.5999999999999996,0.0015351295008117125,0
l40s,exact,Inference concurrency,Must Have,inference,gpt2_small,generated_tokens_per_second,9,9,0,599.4903787551448,66.61004208390497,1528.5547814239605,,19.26527307305275,41.021484375,3.5999999999999996,0.08969316990101814,0
l40s,exact,Inference concurrency,Must Have,inference,tinyllama,generated_tokens_per_second,9,9,0,883.4948755670339,98.16609728522599,843.3198143410413,,52.5468788779699,41.04296875,4.5,0.1613497625156823,0
l40s,exact,Inference concurrency,Should Have,inference,distilbert,input_tokens_per_second,6,6,0,58.88693239958957,9.814488733264929,87609.4820007676,684.4490781309969,10.190972222222221,1.416015625,2.4,0.002134762174812042,0
l40s,exact,Inference concurrency,Should Have,inference,gpt2_small,generated_tokens_per_second,6,6,0,417.3695606533438,69.56159344222397,3066.194426322876,,20.038541648993295,41.01953125,2.4,0.061649768361951116,0
l40s,exact,Inference concurrency,Should Have,inference,tinyllama,generated_tokens_per_second,6,6,0,582.4952808963135,97.08254681605224,1718.730341540284,,54.09113002123788,41.04296875,3.0,0.11056290613151051,0
l40s,exact,Inference framework,Must Have,inference,distilbert,input_tokens_per_second,3,3,0,41.48003809014335,13.826679363381118,93375.3370895866,729.4948210123953,0.25019157088122607,0.650390625,1.7999999999999998,0.00011423556004754371,0
l40s,exact,Inference framework,Must Have,inference,gpt2_small,generated_tokens_per_second,6,6,0,379.2013267031871,63.20022111719785,330.1254024669808,,21.63175538619736,41.01953125,3.6,0.06549219405795964,0
l40s,exact,Inference framework,Must Have,inference,tinyllama,generated_tokens_per_second,6,6,0,691.0089331599884,115.16815552666473,163.40930956763808,,52.45838441452554,41.04296875,4.8,0.1425667380015107,0
l40s,exact,Inference multi-GPU,Should Have,inference,distilbert,input_tokens_per_second,6,6,0,64.69245721586049,10.782076202643415,36496.8670714694,285.1317739958547,2.167824074074074,1.08984375,7.199999999999999,0.001754891010156522,328.033863701357
l40s,exact,Inference multi-GPU,Should Have,inference,gpt2_small,generated_tokens_per_second,6,6,0,538.4968507089652,89.74947511816087,244.9885364911032,,31.334414577792273,41.060546875,7.199999999999999,0.28638670790448995,70288.07184168682
l40s,exact,Inference multi-GPU,Should Have,inference,tinyllama,generated_tokens_per_second,9,9,0,1254.496444774326,139.388493863814,133.21771799812302,,54.365672324159874,41.046875,16.799999999999997,1.2479887758210921,397127.9180068725
l40s,exact,Inference precision/quantization,Must Have,inference,distilbert,input_tokens_per_second,6,6,0,89.92798818415031,14.987998030691719,91231.10581164925,712.7430141535098,0.642989417989418,0.724609375,3.0,0.00023391810543317766,0
l40s,exact,Inference precision/quantization,Must Have,inference,gpt2_small,generated_tokens_per_second,6,6,0,358.76742343697697,59.79457057282949,289.35839561632264,,25.687276524173168,0.861328125,3.0,0.07374110790280004,0
l40s,exact,Inference precision/quantization,Must Have,inference,tinyllama,generated_tokens_per_second,6,6,0,782.7499969215132,130.4583328202522,114.19881147309424,,54.691347678138186,2.697265625,3.0,0.1868588814965915,0
l40s,exact,Inference precision/quantization,Should Have,inference,gpt2_small,generated_tokens_per_second,3,3,0,256.18149397009984,85.39383132336661,298.3403490245135,,27.47273014182299,41.099609375,1.5,0.035754826646168816,12995.816994692042
l40s,exact,Inference precision/quantization,Should Have,inference,tinyllama,generated_tokens_per_second,3,3,0,365.34549403889105,121.78183134629701,167.21188665132203,,46.339955507686,41.00390625,1.5,0.06379574470170256,29830.98496638107
l40s,exact,Inference prompt length,Must Have,inference,distilbert,input_tokens_per_second,6,6,0,66.01716276165098,11.002860460275164,112458.79998057407,702.9560108694865,0.9563131313131313,0.650390625,2.4,0.00023710868515384694,0
l40s,exact,Inference prompt length,Must Have,inference,gpt2_small,generated_tokens_per_second,6,6,0,391.0790451923385,65.17984086538975,369.25329465653954,,17.88031601511916,41.0234375,2.4,0.057780544608831405,0
l40s,exact,Inference prompt length,Must Have,inference,tinyllama,generated_tokens_per_second,6,6,0,535.0119434283115,89.16865723805192,209.32023243502502,,55.26586474080062,41.04296875,3.0,0.10194234845564804,0
l40s,exact,Inference prompt length,Should Have,inference,distilbert,input_tokens_per_second,6,6,0,70.56563534075394,11.76093922345899,220018.55641730616,701.6901274543683,1.4420093795093794,0.654296875,2.4,0.00023783249922821093,0
l40s,exact,Inference prompt length,Should Have,inference,gpt2_small,generated_tokens_per_second,6,6,0,387.15280280588195,64.52546713431366,365.62702926301176,,19.120813671022447,41.021484375,2.4,0.058351216002807224,0
l40s,exact,Inference prompt length,Should Have,inference,tinyllama,generated_tokens_per_second,6,6,0,580.6656143646687,96.77760239411145,203.5082849269876,,56.34424276360844,41.04296875,3.0,0.10484790433948446,0
l40s,exact,Memory optimisation,Must Have,training,distilbert,training_tokens_per_second,12,12,0,232.1820069886744,19.348500582389534,311237.5841295565,607.88590650304,49.65222146732861,4.943359375,9.599999999999998,0.04489002336346958,0
l40s,exact,Memory optimisation,Must Have,training,gpt2_small,training_tokens_per_second,9,9,0,524.8705995408818,58.31895550454242,63335.654326470234,61.85122492819359,83.40301975302624,28.95703125,7.799999999999999,0.19233766105038944,0
l40s,exact,Memory optimisation,Optional,training,distilbert,training_tokens_per_second,6,6,0,253.73705461248755,42.28950910208126,581237.5031870254,1135.229498412159,78.52242371213805,5.658203125,4.2,0.09089759045047685,0
l40s,exact,Memory optimisation,Optional,training,gpt2_small,training_tokens_per_second,6,6,0,1166.4991256231442,194.4165209371907,92168.47160937997,90.00827305603512,93.86049302974556,31.75390625,4.2,0.5878615455438072,0
l40s,exact,Memory optimisation,Should Have,training,distilbert,training_tokens_per_second,12,12,0,298.3310063453391,24.860917195444927,385414.4820342499,752.7626602231443,46.556054971213854,8.080078125,7.800000000000001,0.0600152826452783,0
l40s,exact,Memory optimisation,Should Have,training,gpt2_small,training_tokens_per_second,9,9,0,737.8095280160196,81.9788364462244,75098.74209167683,73.33861532390316,83.49395680405766,31.75390625,6.000000000000001,0.31335595314895426,0
l40s,exact,Precision study,Must Have,inference,distilbert,input_tokens_per_second,6,6,0,89.14993929397315,14.85832321566219,91995.87541512917,718.7177766806966,0.7386166674959779,0.70703125,3.0,0.0002319263682390253,0
l40s,exact,Precision study,Must Have,inference,gpt2_small,generated_tokens_per_second,6,6,0,329.94953606650233,54.99158934441706,291.84422004661366,,28.014190712185947,0.861328125,3.0,0.07313288319273852,0
l40s,exact,Precision study,Must Have,training,distilbert,training_tokens_per_second,9,9,0,182.76376652624458,20.30708516958273,219135.8254023356,427.99965898893674,53.70014308551328,6.41015625,7.199999999999999,0.02415026656921125,0
l40s,exact,Precision study,Must Have,training,gpt2_small,training_tokens_per_second,9,9,0,520.0229155467823,57.78032394964248,39085.28597396684,38.169224583951994,90.36148387511247,33.744140625,7.199999999999999,0.11188968131034117,0
l40s,exact,Precision study,Should Have,training,distilbert,training_tokens_per_second,6,6,0,88.32009142450988,14.720015237418314,359545.4889450521,702.2372830958049,96.00814625367055,4.23828125,4.8,0.007719696953556398,8076.954294314401
l40s,exact,Precision study,Should Have,training,gpt2_small,training_tokens_per_second,6,6,0,247.24568490637466,41.207614151062444,59145.839078921534,57.75960847550931,99.28412692577312,27.599609375,4.8,0.04782830522693176,46662.27705991343
l40s,exact,Strong scaling,Must Have,training,distilbert,training_tokens_per_second,12,12,0,304.60069713788107,25.383391428156756,758008.6481042051,1480.4856408285257,89.01245996556126,14.34375,23.4,0.09753608074491946,51153.673811174514
l40s,exact,Strong scaling,Must Have,training,gpt2_small,training_tokens_per_second,6,6,0,266.23870167229325,44.37311694538221,239053.45944526442,233.45064398951604,99.29383619152901,28.646484375,18.0,0.2697124117385182,248971.05319754122
l40s,exact,Strong scaling,Optional,training,tinyllama,training_tokens_per_second,9,9,0,820.6910698520951,91.18789665023279,22992.938031021047,22.45404104591899,98.29377255471692,42.474609375,25.200000000000003,0.7981633236623991,454940.5175110668
l40s,exact,Weak scaling,Must Have,training,distilbert,training_tokens_per_second,12,12,0,252.63952151313424,21.053293459427852,858149.4364485284,1676.073118063532,73.8122061965812,5.62109375,23.4,0.08983731738990174,70974.71799407409
l40s,exact,Weak scaling,Must Have,training,gpt2_small,training_tokens_per_second,12,12,0,610.5287281153724,50.87739400961436,161815.955015048,158.02339356938282,94.82478494332729,28.685546875,23.4,0.4747633015655446,366621.80811391
l40s,exact,Workload characterisation,Must Have,training,distilbert,training_tokens_per_second,9,9,0,175.6202620845288,19.513362453836535,283665.29933496023,554.0337877635942,35.23027251521875,4.947265625,5.7,0.00722001379627424,0
l40s,exact,Workload characterisation,Must Have,training,gpt2_small,training_tokens_per_second,9,9,0,374.3572129230015,41.5952458803335,45776.68167720703,44.70379070039749,67.29193353439084,28.044921875,5.7,0.04473902340034127,0
l40s,exact,Workload characterisation,Must Have,training,tinyllama,training_tokens_per_second,9,9,0,640.4465866056271,71.16073184506968,10809.68231647346,10.556330387181113,59.10307619995692,26.546875,5.7,0.04736538836085755,0
l40s,exact,Workload characterisation,Should Have,inference,distilbert,input_tokens_per_second,3,3,0,27.967163796070963,9.322387932023654,92464.75341526726,722.3808860567755,0.9423076923076924,0.650390625,1.5,0.00011537701266610788,0
l40s,exact,Workload characterisation,Should Have,inference,gpt2_small,generated_tokens_per_second,3,3,0,158.22801790200174,52.74267263400058,294.49489293757387,,28.165410606720766,0.796875,1.5,0.03622257448629373,0
l40s,exact,Workload characterisation,Should Have,inference,tinyllama,generated_tokens_per_second,3,3,0,377.2191007193178,125.7397002397726,115.28916608223028,,57.023299743765314,2.666015625,1.5,0.09252174749996306,0
l40s,platform_specific,Communication analysis,Must Have,training,distilbert,training_tokens_per_second,18,18,0,1391.4833170999773,77.30462872777652,868874.8060693434,1697.0211056041862,74.02540099609763,5.669921875,33.599999999999994,0.21691997234295643,147205.31800707598
l40s,platform_specific,Communication analysis,Must Have,training,gpt2_small,training_tokens_per_second,18,18,0,2846.0132828410715,158.1118490467262,197217.94464387975,192.59564906628881,80.46552097799139,28.96875,33.599999999999994,0.9169015183788725,712453.467530364
l40s,platform_specific,Environment validation,Must Have,inference,environment_validation,generated_tokens_per_second,2,2,0,65.01266066357493,32.50633033178747,176.92812396168793,,5.21875,41.046875,1.3,4.75077534146193e-05,14.416649252027272
l40s,platform_specific,Environment validation,Must Have,training,environment_validation,,5,5,0,38.07566594239324,7.615133188478649,,,19.266666666666666,0.880859375,3.0,0,192.91099740444682
l40s,platform_specific,Environment validation,Should Have,training,environment_validation,,1,1,0,25.744760629720986,25.744760629720986,,,0.1590909090909091,1.630859375,0.5,0,0
l40s,platform_specific,Telemetry revalidation,Supplemental,inference,gpt2_small,generated_tokens_per_second,3,3,0,168.32441327394918,56.10813775798306,288.94020972804316,,27.95480008002515,0.796875,1.7999999999999998,0.03692109593461888,0
l40s,platform_specific,Telemetry revalidation,Supplemental,training,gpt2_small,training_tokens_per_second,12,12,0,1319.5529579250142,109.96274649375118,68731.81666898979,67.12091471581034,81.88344220084538,28.697265625,10.800000000000002,0.24824647358890314,66728.31712846522
