platform_id,comparability,workload,model,mode,precision,throughput_unit,experiments,avg_runtime_seconds,avg_throughput_tokens_sec,avg_throughput_samples_sec,avg_memory_used_gb,avg_latency_p50_ms,avg_latency_p95_ms,avg_quality_loss,avg_quality_perplexity,avg_quality_accuracy
h100,capacity_adjusted,gpt2_small,gpt2,training,bf16,training_tokens_per_second,10,49.36774831325747,134033.0967132363,130.89169600901982,67.881640625,,,,,
h100,exact,distilbert,distilbert-base-uncased,inference,bf16,input_tokens_per_second,21,18.24327962067799,113940.82964328998,630.5464121676446,0.8509579613095238,1.571387202212853,1.615829358343035,,,0.4895833333333333
h100,exact,distilbert,distilbert-base-uncased,inference,fp16,input_tokens_per_second,6,26.251877712629113,76527.96030048432,597.8746898475338,0.8483072916666666,1.6636655394298334,1.7073224356863648,,,0.515625
h100,exact,distilbert,distilbert-base-uncased,training,bf16,training_tokens_per_second,120,13.01358698614155,1062271.6668531273,2074.7493493225143,5.751936848958334,,,2.231076866388321,,
h100,exact,distilbert,distilbert-base-uncased,training,fp16,training_tokens_per_second,3,9.560816165370246,662546.0943314709,1294.035340491154,5.2294921875,,,2.6676254272460938,,
h100,exact,distilbert,distilbert-base-uncased,training,fp32,training_tokens_per_second,3,18.99741664699589,141780.80514168585,276.9156350423552,6.6630859375,,,3.6419907410939536,,
h100,exact,distilbert,distilbert-base-uncased,training,fp8,training_tokens_per_second,3,7.6230819143044455,750064.5180899504,1464.9697618944344,3.6923828125,,,1.8489583333333333,,
h100,exact,distilbert,distilbert-base-uncased-finetuned-sst-2-english,inference,bf16,input_tokens_per_second,57,8.120050090651045,301906.6817501926,2247.6865917501227,1.1528748629385965,3.9904575423223148,4.145751873300852,,,0.984375
h100,exact,distilbert,distilbert-base-uncased-finetuned-sst-2-english,inference,fp16,input_tokens_per_second,3,11.090444996021688,76834.7143882212,600.2712061579781,0.8486328125,1.6516771477957566,1.692893049524476,,,0.984375
h100,exact,gpt2_small,gpt2,inference,bf16,generated_tokens_per_second,75,64.14343941112826,1340.1436925568394,,52.437252604166666,406.7483768619907,409.23296322789975,12.842725992202759,378242.62452611723,
h100,exact,gpt2_small,gpt2,inference,fp16,generated_tokens_per_second,6,57.48900632816367,269.4336663652341,,0.9775390625,475.02725579154986,476.9744583813008,12.825648307800293,371627.87917580135,
h100,exact,gpt2_small,gpt2,inference,fp8,generated_tokens_per_second,3,72.00054483464919,282.7228799026039,,72.5517578125,452.75610553411144,454.65445010534796,,,
h100,exact,gpt2_small,gpt2,training,bf16,training_tokens_per_second,114,28.67596556620035,210060.08644406637,205.13680316803357,28.653388843201753,,,13.216840982437134,892866.4744671579,
h100,exact,gpt2_small,gpt2,training,fp16,training_tokens_per_second,3,21.709861243686948,122367.10806302777,119.49912896780056,28.2646484375,,,14.055242856343588,1270916.4615991244,
h100,exact,gpt2_small,gpt2,training,fp32,training_tokens_per_second,3,45.761209999754406,46251.067507578584,45.16705811286971,34.0048828125,,,14.074452718098959,1295558.8681112283,
h100,exact,gpt2_small,gpt2,training,fp8,training_tokens_per_second,3,16.317530730428796,167305.327873247,163.38410925121778,23.2685546875,,,10.98356024424235,58897.87410182299,
h100,exact,qwen2_5_7b,Qwen/Qwen2.5-7B-Instruct,inference,bf16,generated_tokens_per_second,3,66.07266823155805,107.85876713111732,,17.9228515625,1186.7589950561523,1189.836283524831,2.3242343491320705,10.218853016090996,
h100,exact,qwen2_5_7b,Qwen/Qwen2.5-7B-Instruct,inference,nf4,generated_tokens_per_second,3,70.74516231085484,59.87037933506536,,9.2998046875,2138.455549875895,2143.145469824473,2.38231292903267,10.829922760929554,
h100,exact,qwen2_5_7b,Qwen/Qwen2.5-7B-Instruct-AWQ,inference,int4,generated_tokens_per_second,3,59.98354173762103,125.16801124123064,,9.0029296875,1022.6599375406901,1025.1025716463726,2.4001310125538557,11.024620649737457,
h100,exact,qwen2_5_7b,Qwen/Qwen2.5-7B-Instruct-GPTQ-Int4,inference,int4,generated_tokens_per_second,3,57.199051187063255,119.75918761981764,,8.9931640625,1068.8023964564006,1071.5997974077861,2.370046246458468,10.697887012058656,
h100,exact,qwen2_5_7b_long_context,Qwen/Qwen2.5-7B-Instruct,inference,bf16,generated_tokens_per_second,9,60.42304023976127,97.07678148174752,,16.7490234375,1319.6081187989976,1323.1315506829155,,,
h100,exact,tinyllama,TinyLlama/TinyLlama-1.1B-Chat-v1.0,inference,bf16,generated_tokens_per_second,69,101.83743091527731,828.5593150333908,,57.35519984148551,763.0391810199017,766.5763292931513,12.669208526611328,318140.4333030393,
h100,exact,tinyllama,TinyLlama/TinyLlama-1.1B-Chat-v1.0,inference,fp16,generated_tokens_per_second,3,138.5879532985855,102.8919276723065,,2.8466796875,1243.5667996760458,1249.5593508783106,12.638846397399902,308305.482709712,
h100,exact,tinyllama,TinyLlama/TinyLlama-1.1B-Chat-v1.0,inference,fp8,generated_tokens_per_second,3,96.5542315239242,181.17046364229031,,72.4482421875,706.4011670493832,709.3661106463211,,,
h100,exact,tinyllama,TinyLlama/TinyLlama-1.1B-Chat-v1.0,training,bf16,training_tokens_per_second,24,42.28544204181526,45105.635825185425,44.04847248553264,34.607421875,,,13.838233629862467,1025599.1791267646,
h100,platform_specific,distilbert,distilbert-base-uncased,training,bf16,training_tokens_per_second,12,76.70434258841367,1724629.0765886197,3368.416165212148,5.97900390625,,,,,
h100,platform_specific,environment_validation,all,inference,bf16,generated_tokens_per_second,1,21.432914161821827,245.24840703665578,,71.9375,8.15499690361321,8.15499690361321,,,
h100,platform_specific,environment_validation,all,training,bf16,,5,10.521776331821457,,,1.2314453125,,,,,
h100,platform_specific,gpt2_small,gpt2,inference,bf16,generated_tokens_per_second,3,53.69346249794277,290.49930580790755,,0.9775390625,440.7055984484032,442.6162609946914,,,
h100,platform_specific,gpt2_small,gpt2,training,bf16,training_tokens_per_second,24,103.61019673346891,289026.62814830884,282.25256655108285,29.251220703125,,,13.850586573282877,1036402.3981938626,
h100,platform_specific,qwen2_5_7b_training,Qwen/Qwen2.5-7B-Instruct,training,bf16,training_tokens_per_second,24,45.05362400532855,5798.497730107523,11.325190879116256,57.066813151041664,,,13.49986445903778,1374352.234089678,
l40s,capacity_adjusted,gpt2_small,gpt2,training,bf16,training_tokens_per_second,9,66.75440930342302,45181.036150260996,44.122105615489254,39.746744791666664,,,,,
l40s,capacity_adjusted,tinyllama,TinyLlama/TinyLlama-1.1B-Chat-v1.0,training,bf16,training_tokens_per_second,6,167.06471705273725,12230.747739330918,11.94408958919035,28.642903645833332,,,,,
l40s,exact,distilbert,distilbert-base-uncased,inference,bf16,input_tokens_per_second,15,10.993475170619785,92320.38616987554,721.2530169521526,0.6541666666666667,1.3759182766079903,1.4019099979971845,,,0.484375
l40s,exact,distilbert,distilbert-base-uncased,inference,fp16,input_tokens_per_second,3,15.29633016899849,91371.8375971422,713.8424812276735,0.6822916666666666,1.391887276743849,1.423604724307855,,,0.515625
l40s,exact,distilbert,distilbert-base-uncased,training,bf16,training_tokens_per_second,132,20.900756943939168,516869.7890291329,1009.5113066975252,5.098026160037879,,,2.578087329864502,,
l40s,exact,distilbert,distilbert-base-uncased,training,fp16,training_tokens_per_second,3,17.39851899476101,278571.8548117872,544.0856539292719,4.935546875,,,2.7095799446105957,,
l40s,exact,distilbert,distilbert-base-uncased,training,fp32,training_tokens_per_second,3,27.061257709904265,94507.95416718967,184.58584798279233,6.41015625,,,3.1645281314849854,,
l40s,exact,distilbert,distilbert-base-uncased,training,fp8,training_tokens_per_second,3,15.535912012991806,405259.5927374661,791.5226420653635,3.482421875,,,1.8151041666666667,,
l40s,exact,distilbert,distilbert-base-uncased-finetuned-sst-2-english,inference,bf16,input_tokens_per_second,57,10.885599408045476,296484.5373537162,2190.724057703846,0.8629728618421053,3.608507345218146,3.795477673166284,,,0.984375
l40s,exact,distilbert,distilbert-base-uncased-finetuned-sst-2-english,inference,fp16,input_tokens_per_second,3,14.1135741014344,91422.25373669424,714.2363573179238,0.6751302083333334,1.3940664939582348,1.4282008400186896,,,0.984375
l40s,exact,gpt2_small,gpt2,inference,bf16,generated_tokens_per_second,75,65.93099896105628,1438.003463751335,,29.762890625,397.3723196517676,399.8708195993677,12.842402458190918,378232.1404561023,
l40s,exact,gpt2_small,gpt2,inference,fp16,generated_tokens_per_second,6,58.236396480506905,288.5302173037511,,0.83984375,441.72643377290416,443.8076333880114,12.824036598205566,371029.4053698035,
l40s,exact,gpt2_small,gpt2,inference,fp8,generated_tokens_per_second,3,85.39383132336661,298.3403490245135,,41.099609375,428.76844977339107,431.3468884443864,,,
l40s,exact,gpt2_small,gpt2,training,bf16,training_tokens_per_second,120,58.585275909669384,103780.5647473699,101.34820776110342,25.600406901041666,,,13.204892635345459,873099.0286992727,
l40s,exact,gpt2_small,gpt2,training,fp16,training_tokens_per_second,3,51.31937842986857,45162.89054473342,44.10438529759123,28.033203125,,,14.078723271687826,1308052.6142950787,
l40s,exact,gpt2_small,gpt2,training,fp32,training_tokens_per_second,3,76.35440789333855,26354.000090952202,25.73632821382051,33.744140625,,,14.164846102396647,1418124.9623168148,
l40s,exact,gpt2_small,gpt2,training,fp8,training_tokens_per_second,3,36.143141573450215,70164.22508224145,68.51975105687642,23.03125,,,10.983355840047201,58885.88205390805,
l40s,exact,tinyllama,TinyLlama/TinyLlama-1.1B-Chat-v1.0,inference,bf16,generated_tokens_per_second,72,108.2841203990263,815.875528829369,,33.048611111111114,784.4879182682942,788.9255625477139,12.671833992004395,319001.8121255816,
l40s,exact,tinyllama,TinyLlama/TinyLlama-1.1B-Chat-v1.0,inference,fp16,generated_tokens_per_second,3,134.02151153236628,113.38271553811568,,2.6764322916666665,1129.3427619772654,1131.6544591682032,12.639067649841309,308373.7035972011,
l40s,exact,tinyllama,TinyLlama/TinyLlama-1.1B-Chat-v1.0,inference,fp8,generated_tokens_per_second,3,121.78183134629701,167.21188665132203,,41.00390625,765.5154797248542,768.9904604883244,,,
l40s,exact,tinyllama,TinyLlama/TinyLlama-1.1B-Chat-v1.0,training,bf16,training_tokens_per_second,24,78.44659951011029,15364.136033053923,15.004039094779221,29.384765625,,,13.849656899770102,1037667.6511997044,
l40s,platform_specific,distilbert,distilbert-base-uncased,inference,bf16,input_tokens_per_second,3,12.395004006413123,91669.42399265595,716.1673749426246,0.650390625,1.3759620487689972,1.470786053687334,,,
l40s,platform_specific,distilbert,distilbert-base-uncased,training,bf16,training_tokens_per_second,21,69.18281830108857,785278.0746768632,1533.7462396032483,5.151878720238095,,,,,
l40s,platform_specific,environment_validation,all,inference,bf16,generated_tokens_per_second,2,32.50633033178747,176.92812396168793,,40.828125,14.109577517956495,14.109577517956495,,,
l40s,platform_specific,environment_validation,all,training,bf16,,6,10.636737762019038,,,0.8479817708333334,,,,,
l40s,platform_specific,gpt2_small,gpt2,inference,bf16,generated_tokens_per_second,6,60.58372196314546,287.40910440153897,,0.796875,445.54063642863184,447.9536875345123,,,
l40s,platform_specific,gpt2_small,gpt2,training,bf16,training_tokens_per_second,33,131.22484928081658,136733.1958918129,133.52851161309854,28.26864346590909,,,13.887773831685385,1074943.7765671024,
