research_question,objective,question,platform_id,comparability,direct_conditions,completed_trials,required_trials,sufficient_conditions,energy_trials,evidence_status,source_condition_ids,scope_note,limitation
RQ1,Scaling efficiency,How efficiently do transformer workloads scale from one to four H100 GPUs?,h100,capacity_adjusted,1,3,3,1,3,sufficient,E256@h100,Completed evidence is grouped within this platform and comparability class.,The primary question requires H100 scaling evidence; L40S scaling is supporting platform-specific evidence.
RQ1,Scaling efficiency,How efficiently do transformer workloads scale from one to four H100 GPUs?,h100,exact,20,60,60,20,60,sufficient,E033@h100; E034@h100; E035@h100; E036@h100; E037@h100; E038@h100; E039@h100; E040@h100; E041@h100; E042@h100; E043@h100; E044@h100; E045@h100; E046@h100; E147@h100; E148@h100; E171@h100; E172@h100; E195@h100; E196@h100,Completed evidence is grouped within this platform and comparability class.,The primary question requires H100 scaling evidence; L40S scaling is supporting platform-specific evidence.
RQ1,Scaling efficiency,How efficiently do transformer workloads scale from one to four H100 GPUs?,l40s,capacity_adjusted,2,6,6,2,0,supporting_platform_evidence,E208@l40s; E209@l40s,Collected on L40S as supporting evidence; retain it separately from the H100 research target.,The primary question requires H100 scaling evidence; L40S scaling is supporting platform-specific evidence.
RQ1,Scaling efficiency,How efficiently do transformer workloads scale from one to four H100 GPUs?,l40s,exact,24,72,72,24,42,supporting_platform_evidence,E034@l40s; E035@l40s; E036@l40s; E037@l40s; E038@l40s; E039@l40s; E040@l40s; E041@l40s; E042@l40s; E043@l40s; E045@l40s; E046@l40s; E147@l40s; E148@l40s; E171@l40s; E172@l40s; E195@l40s; E196@l40s; E216@l40s; E217@l40s; E218@l40s; E219@l40s; E220@l40s; E229@l40s,Collected on L40S as supporting evidence; retain it separately from the H100 research target.,The primary question requires H100 scaling evidence; L40S scaling is supporting platform-specific evidence.
RQ2,Throughput-to-memory trade-off,Which distributed training strategy provides the best throughput-to-memory trade-off?,h100,capacity_adjusted,2,4,4,2,4,sufficient,E258@h100; E259@h100,Completed evidence is grouped within this platform and comparability class.,"Only conditions with matching workload, precision, batch semantics, and GPU count are compared."
RQ2,Throughput-to-memory trade-off,Which distributed training strategy provides the best throughput-to-memory trade-off?,h100,exact,35,105,105,35,105,sufficient,E047@h100; E048@h100; E049@h100; E050@h100; E051@h100; E052@h100; E053@h100; E054@h100; E055@h100; E056@h100; E057@h100; E058@h100; E059@h100; E060@h100; E061@h100; E062@h100; E063@h100; E064@h100; E065@h100; E066@h100; E067@h100; E069@h100; E070@h100; E071@h100; E072@h100; E073@h100; E074@h100; E075@h100; E076@h100; E077@h100; E078@h100; E079@h100; E080@h100; E081@h100; E082@h100,Completed evidence is grouped within this platform and comparability class.,"Only conditions with matching workload, precision, batch semantics, and GPU count are compared."
RQ2,Throughput-to-memory trade-off,Which distributed training strategy provides the best throughput-to-memory trade-off?,l40s,capacity_adjusted,3,9,9,3,0,sufficient,E201@l40s; E202@l40s; E205@l40s,Completed evidence is grouped within this platform and comparability class.,"Only conditions with matching workload, precision, batch semantics, and GPU count are compared."
RQ2,Throughput-to-memory trade-off,Which distributed training strategy provides the best throughput-to-memory trade-off?,l40s,exact,38,114,114,38,24,sufficient,E047@l40s; E048@l40s; E049@l40s; E050@l40s; E051@l40s; E052@l40s; E053@l40s; E054@l40s; E055@l40s; E056@l40s; E057@l40s; E058@l40s; E059@l40s; E060@l40s; E061@l40s; E062@l40s; E063@l40s; E064@l40s; E065@l40s; E066@l40s; E069@l40s; E070@l40s; E071@l40s; E072@l40s; E073@l40s; E074@l40s; E075@l40s; E076@l40s; E077@l40s; E078@l40s; E079@l40s; E080@l40s; E081@l40s; E082@l40s; E221@l40s; E222@l40s; E223@l40s; E224@l40s,Completed evidence is grouped within this platform and comparability class.,"Only conditions with matching workload, precision, batch semantics, and GPU count are compared."
RQ3,Precision and quality,What impact do precision and selected quantized formats have on performance and quality?,h100,exact,30,108,90,30,103,sufficient,E083@h100; E084@h100; E085@h100; E086@h100; E087@h100; E088@h100; E090@h100; E091@h100; E092@h100; E093@h100; E094@h100; E095@h100; E149@h100; E150@h100; E151@h100; E173@h100; E174@h100; E197@h100; E198@h100; E199@h100; E233@h100; E234@h100; E239@h100; E240@h100; E241@h100; E242@h100; E243@h100; E244@h100; E245@h100; E246@h100,Completed evidence is grouped within this platform and comparability class.,Performance-format evidence alone does not establish application-level quality.
RQ3,Precision and quality,What impact do precision and selected quantized formats have on performance and quality?,l40s,exact,22,66,66,22,18,sufficient,E083@l40s; E084@l40s; E085@l40s; E086@l40s; E087@l40s; E088@l40s; E090@l40s; E091@l40s; E092@l40s; E093@l40s; E094@l40s; E095@l40s; E149@l40s; E150@l40s; E151@l40s; E173@l40s; E174@l40s; E197@l40s; E198@l40s; E199@l40s; E231@l40s; E232@l40s,Completed evidence is grouped within this platform and comparability class.,Performance-format evidence alone does not establish application-level quality.
RQ4,Bottlenecks,"How significant are communication, synchronisation, and data movement bottlenecks?",h100,exact,28,84,84,28,84,sufficient,E020@h100; E021@h100; E022@h100; E023@h100; E024@h100; E025@h100; E026@h100; E027@h100; E028@h100; E029@h100; E030@h100; E031@h100; E097@h100; E098@h100; E099@h100; E100@h100; E101@h100; E102@h100; E103@h100; E104@h100; E105@h100; E106@h100; E107@h100; E108@h100; E109@h100; E110@h100; E111@h100; E112@h100,Completed evidence is grouped within this platform and comparability class.,Standalone communication and loader measurements do not by themselves prove in-loop causal attribution.
RQ4,Bottlenecks,"How significant are communication, synchronisation, and data movement bottlenecks?",h100,platform_specific,8,24,24,8,24,sufficient,E113@h100; E114@h100; E115@h100; E116@h100; E117@h100; E118@h100; E119@h100; E120@h100,Completed evidence is grouped within this platform and comparability class.,Standalone communication and loader measurements do not by themselves prove in-loop causal attribution.
RQ4,Bottlenecks,"How significant are communication, synchronisation, and data movement bottlenecks?",l40s,exact,28,84,84,28,0,sufficient,E020@l40s; E021@l40s; E022@l40s; E023@l40s; E024@l40s; E025@l40s; E026@l40s; E027@l40s; E028@l40s; E029@l40s; E030@l40s; E031@l40s; E097@l40s; E098@l40s; E099@l40s; E100@l40s; E101@l40s; E102@l40s; E103@l40s; E104@l40s; E105@l40s; E106@l40s; E107@l40s; E108@l40s; E109@l40s; E110@l40s; E111@l40s; E112@l40s,Completed evidence is grouped within this platform and comparability class.,Standalone communication and loader measurements do not by themselves prove in-loop causal attribution.
RQ4,Bottlenecks,"How significant are communication, synchronisation, and data movement bottlenecks?",l40s,platform_specific,12,36,36,12,24,sufficient,E113@l40s; E114@l40s; E115@l40s; E116@l40s; E117@l40s; E118@l40s; E119@l40s; E120@l40s; E225@l40s; E226@l40s; E227@l40s; E228@l40s,Completed evidence is grouped within this platform and comparability class.,Standalone communication and loader measurements do not by themselves prove in-loop causal attribution.
RQ5,Useful work efficiency,Which configurations produce the best useful work per GPU-hour and per Watt?,h100,capacity_adjusted,3,7,7,3,7,sufficient,E256@h100; E258@h100; E259@h100,7 completed measured-region energy trial(s) are eligible for energy analysis; legacy full-window estimates are excluded.,Only measured-region energy records with sufficient samples are eligible for energy-efficiency conclusions.
RQ5,Useful work efficiency,Which configurations produce the best useful work per GPU-hour and per Watt?,h100,exact,189,585,567,189,576,partial_energy_evidence,E008@h100; E009@h100; E010@h100; E011@h100; E012@h100; E013@h100; E014@h100; E015@h100; E016@h100; E017@h100; E018@h100; E019@h100; E020@h100; E021@h100; E022@h100; E023@h100; E024@h100; E025@h100; E026@h100; E027@h100; E028@h100; E029@h100; E030@h100; E031@h100; E033@h100; E034@h100; E035@h100; E036@h100; E037@h100; E038@h100; E039@h100; E040@h100; E041@h100; E042@h100; E043@h100; E044@h100; E045@h100; E046@h100; E047@h100; E048@h100; E049@h100; E050@h100; E051@h100; E052@h100; E053@h100; E054@h100; E055@h100; E056@h100; E057@h100; E058@h100; E059@h100; E060@h100; E061@h100; E062@h100; E063@h100; E064@h100; E065@h100; E066@h100; E067@h100; E069@h100; E070@h100; E071@h100; E072@h100; E073@h100; E074@h100; E075@h100; E076@h100; E077@h100; E078@h100; E079@h100; E080@h100; E081@h100; E082@h100; E083@h100; E084@h100; E085@h100; E086@h100; E087@h100; E088@h100; E090@h100; E091@h100; E092@h100; E093@h100; E094@h100; E095@h100; E097@h100; E098@h100; E099@h100; E100@h100; E101@h100; E102@h100; E103@h100; E104@h100; E105@h100; E106@h100; E107@h100; E108@h100; E109@h100; E110@h100; E111@h100; E112@h100; E121@h100; E122@h100; E125@h100; E126@h100; E129@h100; E130@h100; E132@h100; E133@h100; E134@h100; E135@h100; E136@h100; E137@h100; E138@h100; E139@h100; E140@h100; E141@h100; E142@h100; E143@h100; E144@h100; E145@h100; E146@h100; E147@h100; E148@h100; E149@h100; E150@h100; E151@h100; E153@h100; E156@h100; E157@h100; E158@h100; E159@h100; E160@h100; E161@h100; E162@h100; E163@h100; E164@h100; E165@h100; E166@h100; E167@h100; E168@h100; E169@h100; E170@h100; E171@h100; E172@h100; E173@h100; E174@h100; E177@h100; E178@h100; E180@h100; E181@h100; E182@h100; E183@h100; E184@h100; E185@h100; E186@h100; E187@h100; E188@h100; E189@h100; E190@h100; E191@h100; E192@h100; E193@h100; E194@h100; E195@h100; E196@h100; E197@h100; E198@h100; E199@h100; E233@h100; E234@h100; E239@h100; E240@h100; E241@h100; E242@h100; E243@h100; E244@h100; E245@h100; E246@h100; E247@h100; E248@h100; E249@h100; E270@h100; E271@h100; E272@h100; E273@h100; E274@h100; E275@h100; E276@h100,576 completed measured-region energy trial(s) are eligible for energy analysis; legacy full-window estimates are excluded.,Only measured-region energy records with sufficient samples are eligible for energy-efficiency conclusions.
RQ5,Useful work efficiency,Which configurations produce the best useful work per GPU-hour and per Watt?,h100,platform_specific,13,39,39,13,39,sufficient,E113@h100; E114@h100; E115@h100; E116@h100; E117@h100; E118@h100; E119@h100; E120@h100; E210@h100; E211@h100; E212@h100; E213@h100; E214@h100,39 completed measured-region energy trial(s) are eligible for energy analysis; legacy full-window estimates are excluded.,Only measured-region energy records with sufficient samples are eligible for energy-efficiency conclusions.
RQ5,Useful work efficiency,Which configurations produce the best useful work per GPU-hour and per Watt?,l40s,capacity_adjusted,5,15,15,5,0,partial_energy_evidence,E201@l40s; E202@l40s; E205@l40s; E208@l40s; E209@l40s,0 completed measured-region energy trial(s) are eligible for energy analysis; legacy full-window estimates are excluded.,Only measured-region energy records with sufficient samples are eligible for energy-efficiency conclusions.
RQ5,Useful work efficiency,Which configurations produce the best useful work per GPU-hour and per Watt?,l40s,exact,178,534,534,178,84,partial_energy_evidence,E008@l40s; E009@l40s; E010@l40s; E011@l40s; E012@l40s; E013@l40s; E014@l40s; E015@l40s; E016@l40s; E017@l40s; E018@l40s; E019@l40s; E020@l40s; E021@l40s; E022@l40s; E023@l40s; E024@l40s; E025@l40s; E026@l40s; E027@l40s; E028@l40s; E029@l40s; E030@l40s; E031@l40s; E034@l40s; E035@l40s; E036@l40s; E037@l40s; E038@l40s; E039@l40s; E040@l40s; E041@l40s; E042@l40s; E043@l40s; E045@l40s; E046@l40s; E047@l40s; E048@l40s; E049@l40s; E050@l40s; E051@l40s; E052@l40s; E053@l40s; E054@l40s; E055@l40s; E056@l40s; E057@l40s; E058@l40s; E059@l40s; E060@l40s; E061@l40s; E062@l40s; E063@l40s; E064@l40s; E065@l40s; E066@l40s; E069@l40s; E070@l40s; E071@l40s; E072@l40s; E073@l40s; E074@l40s; E075@l40s; E076@l40s; E077@l40s; E078@l40s; E079@l40s; E080@l40s; E081@l40s; E082@l40s; E083@l40s; E084@l40s; E085@l40s; E086@l40s; E087@l40s; E088@l40s; E090@l40s; E091@l40s; E092@l40s; E093@l40s; E094@l40s; E095@l40s; E097@l40s; E098@l40s; E099@l40s; E100@l40s; E101@l40s; E102@l40s; E103@l40s; E104@l40s; E105@l40s; E106@l40s; E107@l40s; E108@l40s; E109@l40s; E110@l40s; E111@l40s; E112@l40s; E123@l40s; E124@l40s; E127@l40s; E128@l40s; E129@l40s; E130@l40s; E132@l40s; E133@l40s; E134@l40s; E135@l40s; E136@l40s; E137@l40s; E138@l40s; E139@l40s; E140@l40s; E141@l40s; E142@l40s; E143@l40s; E144@l40s; E145@l40s; E146@l40s; E147@l40s; E148@l40s; E149@l40s; E150@l40s; E151@l40s; E153@l40s; E156@l40s; E157@l40s; E158@l40s; E159@l40s; E160@l40s; E161@l40s; E162@l40s; E163@l40s; E164@l40s; E165@l40s; E166@l40s; E167@l40s; E168@l40s; E169@l40s; E170@l40s; E171@l40s; E172@l40s; E173@l40s; E174@l40s; E177@l40s; E178@l40s; E180@l40s; E181@l40s; E182@l40s; E183@l40s; E184@l40s; E185@l40s; E186@l40s; E187@l40s; E188@l40s; E189@l40s; E190@l40s; E191@l40s; E192@l40s; E193@l40s; E194@l40s; E195@l40s; E196@l40s; E197@l40s; E198@l40s; E199@l40s; E216@l40s; E217@l40s; E218@l40s; E219@l40s; E220@l40s; E221@l40s; E222@l40s; E223@l40s; E224@l40s; E229@l40s; E231@l40s; E232@l40s,84 completed measured-region energy trial(s) are eligible for energy analysis; legacy full-window estimates are excluded.,Only measured-region energy records with sufficient samples are eligible for energy-efficiency conclusions.
RQ5,Useful work efficiency,Which configurations produce the best useful work per GPU-hour and per Watt?,l40s,platform_specific,17,51,51,17,27,partial_energy_evidence,E113@l40s; E114@l40s; E115@l40s; E116@l40s; E117@l40s; E118@l40s; E119@l40s; E120@l40s; E210@l40s; E211@l40s; E212@l40s; E213@l40s; E214@l40s; E225@l40s; E226@l40s; E227@l40s; E228@l40s,27 completed measured-region energy trial(s) are eligible for energy analysis; legacy full-window estimates are excluded.,Only measured-region energy records with sufficient samples are eligible for energy-efficiency conclusions.
RQ6,Hardware comparison,How do H100 and L40S platforms compare for selected AI workloads?,h100,exact,4,12,12,4,11,sufficient,E121@h100; E122@h100; E125@h100; E126@h100,Use only matched protocol signatures and exact comparability classes for a hardware comparison.,A hardware conclusion requires matched exact L40S and H100 conditions; raw trials are never pooled.
RQ6,Hardware comparison,How do H100 and L40S platforms compare for selected AI workloads?,l40s,exact,4,12,12,4,0,sufficient,E123@l40s; E124@l40s; E127@l40s; E128@l40s,Use only matched protocol signatures and exact comparability classes for a hardware comparison.,A hardware conclusion requires matched exact L40S and H100 conditions; raw trials are never pooled.
RQ7,Evidence-driven recommendations,Can results be integrated into a dashboard that identifies bottlenecks and supports practical recommendations?,h100,capacity_adjusted,3,7,7,3,7,sufficient,E256@h100; E258@h100; E259@h100,Completed evidence is grouped within this platform and comparability class.,Recommendations remain conditional on the available platform coverage and trial evidence.
RQ7,Evidence-driven recommendations,Can results be integrated into a dashboard that identifies bottlenecks and supports practical recommendations?,h100,exact,189,585,567,189,576,sufficient,E008@h100; E009@h100; E010@h100; E011@h100; E012@h100; E013@h100; E014@h100; E015@h100; E016@h100; E017@h100; E018@h100; E019@h100; E020@h100; E021@h100; E022@h100; E023@h100; E024@h100; E025@h100; E026@h100; E027@h100; E028@h100; E029@h100; E030@h100; E031@h100; E033@h100; E034@h100; E035@h100; E036@h100; E037@h100; E038@h100; E039@h100; E040@h100; E041@h100; E042@h100; E043@h100; E044@h100; E045@h100; E046@h100; E047@h100; E048@h100; E049@h100; E050@h100; E051@h100; E052@h100; E053@h100; E054@h100; E055@h100; E056@h100; E057@h100; E058@h100; E059@h100; E060@h100; E061@h100; E062@h100; E063@h100; E064@h100; E065@h100; E066@h100; E067@h100; E069@h100; E070@h100; E071@h100; E072@h100; E073@h100; E074@h100; E075@h100; E076@h100; E077@h100; E078@h100; E079@h100; E080@h100; E081@h100; E082@h100; E083@h100; E084@h100; E085@h100; E086@h100; E087@h100; E088@h100; E090@h100; E091@h100; E092@h100; E093@h100; E094@h100; E095@h100; E097@h100; E098@h100; E099@h100; E100@h100; E101@h100; E102@h100; E103@h100; E104@h100; E105@h100; E106@h100; E107@h100; E108@h100; E109@h100; E110@h100; E111@h100; E112@h100; E121@h100; E122@h100; E125@h100; E126@h100; E129@h100; E130@h100; E132@h100; E133@h100; E134@h100; E135@h100; E136@h100; E137@h100; E138@h100; E139@h100; E140@h100; E141@h100; E142@h100; E143@h100; E144@h100; E145@h100; E146@h100; E147@h100; E148@h100; E149@h100; E150@h100; E151@h100; E153@h100; E156@h100; E157@h100; E158@h100; E159@h100; E160@h100; E161@h100; E162@h100; E163@h100; E164@h100; E165@h100; E166@h100; E167@h100; E168@h100; E169@h100; E170@h100; E171@h100; E172@h100; E173@h100; E174@h100; E177@h100; E178@h100; E180@h100; E181@h100; E182@h100; E183@h100; E184@h100; E185@h100; E186@h100; E187@h100; E188@h100; E189@h100; E190@h100; E191@h100; E192@h100; E193@h100; E194@h100; E195@h100; E196@h100; E197@h100; E198@h100; E199@h100; E233@h100; E234@h100; E239@h100; E240@h100; E241@h100; E242@h100; E243@h100; E244@h100; E245@h100; E246@h100; E247@h100; E248@h100; E249@h100; E270@h100; E271@h100; E272@h100; E273@h100; E274@h100; E275@h100; E276@h100,Completed evidence is grouped within this platform and comparability class.,Recommendations remain conditional on the available platform coverage and trial evidence.
RQ7,Evidence-driven recommendations,Can results be integrated into a dashboard that identifies bottlenecks and supports practical recommendations?,h100,platform_specific,13,39,39,13,39,sufficient,E113@h100; E114@h100; E115@h100; E116@h100; E117@h100; E118@h100; E119@h100; E120@h100; E210@h100; E211@h100; E212@h100; E213@h100; E214@h100,Completed evidence is grouped within this platform and comparability class.,Recommendations remain conditional on the available platform coverage and trial evidence.
RQ7,Evidence-driven recommendations,Can results be integrated into a dashboard that identifies bottlenecks and supports practical recommendations?,l40s,capacity_adjusted,5,15,15,5,0,sufficient,E201@l40s; E202@l40s; E205@l40s; E208@l40s; E209@l40s,Completed evidence is grouped within this platform and comparability class.,Recommendations remain conditional on the available platform coverage and trial evidence.
RQ7,Evidence-driven recommendations,Can results be integrated into a dashboard that identifies bottlenecks and supports practical recommendations?,l40s,exact,178,534,534,178,84,sufficient,E008@l40s; E009@l40s; E010@l40s; E011@l40s; E012@l40s; E013@l40s; E014@l40s; E015@l40s; E016@l40s; E017@l40s; E018@l40s; E019@l40s; E020@l40s; E021@l40s; E022@l40s; E023@l40s; E024@l40s; E025@l40s; E026@l40s; E027@l40s; E028@l40s; E029@l40s; E030@l40s; E031@l40s; E034@l40s; E035@l40s; E036@l40s; E037@l40s; E038@l40s; E039@l40s; E040@l40s; E041@l40s; E042@l40s; E043@l40s; E045@l40s; E046@l40s; E047@l40s; E048@l40s; E049@l40s; E050@l40s; E051@l40s; E052@l40s; E053@l40s; E054@l40s; E055@l40s; E056@l40s; E057@l40s; E058@l40s; E059@l40s; E060@l40s; E061@l40s; E062@l40s; E063@l40s; E064@l40s; E065@l40s; E066@l40s; E069@l40s; E070@l40s; E071@l40s; E072@l40s; E073@l40s; E074@l40s; E075@l40s; E076@l40s; E077@l40s; E078@l40s; E079@l40s; E080@l40s; E081@l40s; E082@l40s; E083@l40s; E084@l40s; E085@l40s; E086@l40s; E087@l40s; E088@l40s; E090@l40s; E091@l40s; E092@l40s; E093@l40s; E094@l40s; E095@l40s; E097@l40s; E098@l40s; E099@l40s; E100@l40s; E101@l40s; E102@l40s; E103@l40s; E104@l40s; E105@l40s; E106@l40s; E107@l40s; E108@l40s; E109@l40s; E110@l40s; E111@l40s; E112@l40s; E123@l40s; E124@l40s; E127@l40s; E128@l40s; E129@l40s; E130@l40s; E132@l40s; E133@l40s; E134@l40s; E135@l40s; E136@l40s; E137@l40s; E138@l40s; E139@l40s; E140@l40s; E141@l40s; E142@l40s; E143@l40s; E144@l40s; E145@l40s; E146@l40s; E147@l40s; E148@l40s; E149@l40s; E150@l40s; E151@l40s; E153@l40s; E156@l40s; E157@l40s; E158@l40s; E159@l40s; E160@l40s; E161@l40s; E162@l40s; E163@l40s; E164@l40s; E165@l40s; E166@l40s; E167@l40s; E168@l40s; E169@l40s; E170@l40s; E171@l40s; E172@l40s; E173@l40s; E174@l40s; E177@l40s; E178@l40s; E180@l40s; E181@l40s; E182@l40s; E183@l40s; E184@l40s; E185@l40s; E186@l40s; E187@l40s; E188@l40s; E189@l40s; E190@l40s; E191@l40s; E192@l40s; E193@l40s; E194@l40s; E195@l40s; E196@l40s; E197@l40s; E198@l40s; E199@l40s; E216@l40s; E217@l40s; E218@l40s; E219@l40s; E220@l40s; E221@l40s; E222@l40s; E223@l40s; E224@l40s; E229@l40s; E231@l40s; E232@l40s,Completed evidence is grouped within this platform and comparability class.,Recommendations remain conditional on the available platform coverage and trial evidence.
RQ7,Evidence-driven recommendations,Can results be integrated into a dashboard that identifies bottlenecks and supports practical recommendations?,l40s,platform_specific,17,51,51,17,27,sufficient,E113@l40s; E114@l40s; E115@l40s; E116@l40s; E117@l40s; E118@l40s; E119@l40s; E120@l40s; E210@l40s; E211@l40s; E212@l40s; E213@l40s; E214@l40s; E225@l40s; E226@l40s; E227@l40s; E228@l40s,Completed evidence is grouped within this platform and comparability class.,Recommendations remain conditional on the available platform coverage and trial evidence.
